frames,local,simple,no_epsilon_rnd,no_epsilon_z,normal
500.0,3,3,0,0,1
1000.0,3,3,1,2,1
1500.0,3,3,1,2,1
2000.0,3,3,1,2,1
2500.0,3,3,1,2,3
3000.0,3,3,1,2,1
3500.0,3,3,1,2,3
4000.0,3,3,1,2,3
4500.0,1,3,1,2,3
5000.0,3,3,1,2,3
5500.0,3,3,1,2,3
6000.0,3,3,1,2,3
6500.0,3,3,1,2,3
7000.0,3,3,1,2,3
7500.0,3,3,1,2,3
8000.0,3,3,1,2,3
8500.0,3,1,1,2,3
9000.0,3,3,1,2,3
9500.0,0,3,0,2,3
10000.0,3,3,1,2,3
10500.0,3,3,1,2,3
11000.0,3,3,1,2,3
11500.0,3,3,1,2,3
12000.0,3,3,1,2,3
12500.0,3,3,1,2,3
13000.0,3,3,1,2,3
13500.0,3,3,1,2,3
14000.0,3,3,1,2,3
14500.0,3,3,1,2,0
15000.0,3,3,1,2,3
15500.0,0,3,1,2,3
16000.0,3,3,1,2,3
16500.0,3,3,1,2,3
17000.0,3,3,1,2,3
17500.0,3,3,1,2,3
18000.0,3,3,1,2,3
18500.0,3,3,1,2,3
19000.0,3,3,1,2,3
19500.0,3,3,1,2,3
20000.0,3,3,1,2,3
20500.0,1,3,1,2,3
21000.0,3,3,1,2,3
21500.0,3,3,1,2,3
22000.0,3,0,1,2,3
22500.0,3,3,1,2,3
23000.0,1,1,1,2,3
23500.0,3,3,1,2,3
24000.0,3,3,0,2,3
24500.0,3,3,1,2,3
25000.0,3,3,1,2,3
25500.0,3,3,1,1,3
26000.0,3,3,1,2,3
26500.0,1,2,1,2,3
27000.0,3,3,1,2,3
27500.0,3,3,1,2,3
28000.0,3,3,0,2,3
28500.0,3,3,0,2,3
29000.0,3,3,0,2,3
29500.0,3,3,1,2,3
30000.0,3,3,1,2,3
30500.0,3,3,1,2,3
31000.0,3,3,1,2,3
31500.0,3,3,1,2,3
32000.0,3,3,1,2,3
32500.0,3,3,1,2,3
33000.0,3,3,0,2,3
33500.0,3,3,0,2,3
34000.0,3,3,0,2,3
34500.0,3,3,1,2,3
35000.0,3,3,1,2,3
35500.0,1,3,1,2,3
36000.0,3,3,0,2,3
36500.0,3,3,1,2,3
37000.0,3,3,0,2,3
37500.0,3,3,1,2,3
38000.0,3,3,0,2,3
38500.0,3,3,1,0,3
39000.0,2,3,1,2,3
39500.0,1,3,0,2,3
40000.0,3,3,1,2,3
40500.0,3,3,0,2,3
41000.0,3,3,1,2,3
41500.0,3,3,1,2,3
42000.0,1,3,1,2,3
42500.0,3,3,1,2,3
43000.0,3,3,0,2,3
43500.0,3,3,0,2,3
44000.0,3,3,1,2,3
44500.0,3,3,1,2,3
45000.0,3,3,1,2,3
45500.0,3,3,1,2,3
46000.0,3,3,1,2,3
46500.0,0,3,1,2,3
47000.0,3,3,0,2,3
47500.0,3,3,1,2,3
48000.0,3,3,0,2,3
48500.0,3,3,1,2,3
49000.0,3,3,0,2,3
49500.0,3,3,0,2,3
50000.0,3,3,1,2,3
50500.0,3,3,0,2,3
51000.0,3,3,0,2,3
51500.0,3,3,1,2,3
52000.0,3,3,1,2,3
52500.0,3,3,0,2,3
53000.0,3,3,0,2,3
53500.0,3,3,1,2,3
54000.0,3,3,1,2,3
54500.0,3,3,1,2,3
55000.0,3,3,1,2,3
55500.0,3,3,0,2,3
56000.0,3,3,0,2,3
56500.0,3,3,1,2,3
57000.0,3,3,1,2,3
57500.0,3,3,0,2,3
58000.0,3,3,0,2,3
58500.0,3,3,1,2,3
59000.0,3,3,2,2,3
59500.0,3,3,1,2,3
60000.0,3,3,1,2,3
60500.0,3,0,1,2,3
61000.0,3,3,0,2,3
61500.0,3,3,1,2,3
62000.0,3,3,2,2,3
62500.0,3,3,0,2,3
63000.0,3,3,0,2,3
63500.0,3,3,0,2,3
64000.0,3,2,0,2,3
64500.0,3,3,0,2,3
65000.0,3,3,1,2,3
65500.0,0,3,1,2,3
66000.0,3,3,1,2,3
66500.0,3,3,1,2,3
67000.0,3,3,1,2,3
67500.0,3,3,1,2,3
68000.0,3,3,1,2,3
68500.0,3,3,1,2,3
69000.0,3,3,1,2,3
69500.0,3,3,1,2,3
70000.0,3,3,1,2,3
70500.0,3,3,1,2,3
71000.0,3,3,1,2,3
71500.0,3,3,1,2,3
72000.0,3,3,0,2,3
72500.0,3,3,1,2,3
73000.0,3,3,0,2,3
73500.0,1,3,2,1,3
74000.0,3,3,0,2,3
74500.0,3,3,1,2,3
75000.0,3,3,0,2,3
75500.0,3,3,1,2,3
76000.0,3,3,1,2,3
76500.0,3,3,1,2,3
77000.0,3,3,1,2,3
77500.0,3,3,1,2,3
78000.0,3,3,1,2,3
78500.0,3,3,0,2,3
79000.0,3,3,1,2,3
79500.0,3,3,0,2,3
80000.0,3,3,1,2,3
80500.0,3,3,1,2,3
81000.0,3,3,1,2,3
81500.0,3,3,1,2,3
82000.0,3,3,1,2,3
82500.0,3,3,1,2,3
83000.0,3,3,1,2,3
83500.0,3,3,1,2,3
84000.0,3,3,1,2,3
84500.0,3,3,1,2,3
85000.0,3,3,1,2,0
85500.0,3,3,1,2,3
86000.0,3,3,0,2,3
86500.0,3,3,1,2,3
87000.0,3,3,1,2,3
87500.0,3,3,1,2,3
88000.0,3,3,1,2,3
88500.0,3,3,1,2,3
89000.0,3,3,1,2,3
89500.0,3,3,1,2,3
90000.0,3,3,1,2,3
90500.0,3,3,1,2,0
91000.0,3,3,1,2,3
91500.0,3,3,1,2,3
92000.0,3,3,1,2,3
92500.0,3,3,1,2,3
93000.0,3,3,1,2,3
93500.0,3,3,1,2,3
94000.0,3,3,1,2,3
94500.0,3,3,1,2,3
95000.0,3,3,1,2,3
95500.0,3,3,1,2,2
96000.0,3,3,0,2,3
96500.0,3,3,0,2,3
97000.0,3,3,1,2,3
97500.0,3,3,1,2,3
98000.0,2,0,1,2,3
98500.0,3,3,1,2,3
99000.0,3,3,1,2,3
99500.0,3,3,1,2,3
100000.0,3,3,1,2,3
100500.0,3,3,1,2,3
101000.0,3,3,1,2,3
101500.0,3,3,1,2,3
102000.0,3,3,1,2,3
102500.0,3,3,1,2,3
103000.0,3,3,1,2,3
103500.0,3,3,1,2,3
104000.0,3,3,1,2,3
104500.0,3,3,1,2,3
105000.0,3,3,1,2,3
105500.0,3,3,1,2,3
106000.0,3,3,0,2,3
106500.0,3,3,1,2,3
107000.0,3,3,0,2,3
107500.0,3,3,1,2,3
108000.0,3,3,1,2,3
108500.0,3,3,1,2,3
109000.0,3,3,1,2,3
109500.0,3,3,1,2,3
110000.0,0,3,0,2,3
110500.0,3,3,0,1,3
111000.0,3,3,0,2,3
111500.0,0,3,1,2,1
112000.0,3,3,1,2,3
112500.0,3,3,1,2,3
113000.0,3,3,1,2,3
113500.0,3,3,1,2,3
114000.0,3,3,1,2,3
114500.0,3,3,0,2,3
115000.0,3,3,1,2,3
115500.0,3,3,0,2,3
116000.0,3,3,0,2,3
116500.0,3,3,1,2,3
117000.0,3,3,1,2,3
117500.0,3,3,1,2,3
118000.0,3,3,2,2,3
118500.0,3,3,2,2,3
119000.0,3,3,2,2,3
119500.0,3,3,1,2,3
120000.0,3,3,0,2,3
120500.0,3,3,0,2,3
121000.0,3,3,1,2,3
121500.0,3,3,1,2,3
122000.0,3,3,2,2,3
122500.0,3,3,1,2,3
123000.0,3,3,1,2,3
123500.0,3,3,1,2,0
124000.0,3,3,1,2,3
124500.0,3,3,2,2,3
125000.0,3,3,0,2,3
125500.0,3,3,1,2,3
126000.0,3,3,1,2,3
126500.0,3,3,1,2,3
127000.0,3,3,2,0,3
127500.0,3,3,2,2,3
128000.0,3,3,2,2,3
128500.0,3,3,1,2,3
129000.0,3,3,1,2,3
129500.0,3,2,1,2,3
130000.0,3,0,0,2,3
130500.0,3,3,1,2,3
131000.0,3,3,0,2,3
131500.0,3,3,1,2,3
132000.0,3,3,1,2,3
132500.0,2,3,1,2,3
133000.0,3,2,1,2,3
133500.0,3,3,1,2,3
134000.0,3,3,1,2,3
134500.0,3,3,1,2,3
135000.0,3,3,1,2,3
135500.0,3,3,2,2,3
136000.0,3,3,1,2,3
136500.0,3,3,2,2,3
137000.0,3,3,0,2,3
137500.0,3,3,0,2,3
138000.0,3,3,1,2,3
138500.0,3,3,1,2,3
139000.0,3,3,1,2,3
139500.0,3,3,2,2,3
140000.0,3,3,1,2,3
140500.0,3,3,1,2,3
141000.0,3,3,1,2,3
141500.0,3,3,2,0,3
142000.0,3,3,1,2,3
142500.0,2,3,1,2,3
143000.0,3,3,2,2,3
143500.0,3,3,0,2,3
144000.0,3,3,0,2,3
144500.0,3,3,1,2,3
145000.0,3,3,1,2,3
145500.0,3,3,1,2,3
146000.0,3,3,1,2,3
146500.0,3,3,1,2,3
147000.0,3,3,1,2,3
147500.0,3,3,1,2,3
148000.0,3,3,1,2,3
148500.0,3,3,1,2,3
149000.0,3,3,2,2,3
149500.0,3,3,1,2,3
150000.0,3,3,2,2,3
150500.0,3,3,0,2,3
151000.0,3,3,1,2,3
151500.0,3,3,1,2,3
152000.0,3,3,1,2,1
152500.0,3,3,2,2,3
153000.0,3,3,1,2,3
153500.0,3,3,2,2,3
154000.0,3,3,1,2,3
154500.0,3,2,2,2,3
155000.0,3,3,1,2,3
155500.0,3,3,1,2,3
156000.0,3,3,2,2,3
156500.0,3,3,1,2,3
157000.0,3,3,1,2,3
157500.0,3,3,2,2,3
158000.0,3,3,0,2,3
158500.0,0,3,2,2,3
159000.0,3,3,2,2,3
159500.0,3,3,2,2,3
160000.0,3,3,2,2,3
160500.0,3,3,2,2,3
161000.0,3,3,1,2,3
161500.0,3,3,2,2,3
162000.0,3,3,2,2,3
162500.0,3,2,2,2,3
163000.0,3,3,2,2,3
163500.0,3,3,1,2,3
164000.0,3,3,2,2,3
164500.0,3,3,2,2,3
165000.0,3,3,2,2,3
165500.0,3,3,2,2,3
166000.0,3,3,1,2,3
166500.0,3,3,2,2,3
167000.0,3,3,2,2,3
167500.0,3,3,2,2,3
168000.0,1,3,2,2,3
168500.0,3,3,2,2,3
169000.0,3,3,2,2,3
169500.0,3,3,2,0,3
170000.0,3,3,2,2,3
170500.0,3,3,2,2,3
171000.0,3,3,2,2,3
171500.0,3,3,2,2,3
172000.0,0,3,2,2,3
172500.0,3,3,2,2,3
173000.0,2,3,2,2,3
173500.0,3,3,2,2,3
174000.0,3,3,2,2,3
174500.0,3,3,2,2,3
175000.0,3,3,2,2,3
175500.0,3,3,2,2,3
176000.0,3,3,2,2,3
176500.0,2,3,2,2,3
177000.0,3,3,2,2,3
177500.0,2,0,2,2,3
178000.0,3,3,2,2,3
178500.0,3,3,2,2,3
179000.0,3,3,1,2,3
179500.0,3,3,2,2,3
180000.0,3,3,2,2,3
180500.0,3,3,2,2,3
181000.0,3,3,2,2,3
181500.0,0,3,2,2,3
182000.0,3,3,2,2,3
182500.0,3,3,2,2,3
183000.0,3,3,2,2,3
183500.0,3,3,2,2,3
184000.0,3,3,2,2,3
184500.0,3,3,2,2,3
185000.0,3,3,2,2,3
185500.0,3,3,2,2,3
186000.0,3,3,2,2,3
186500.0,3,3,2,2,3
187000.0,3,3,2,2,3
187500.0,3,3,2,2,3
188000.0,3,3,2,2,3
188500.0,3,3,2,2,1
189000.0,3,3,2,2,3
189500.0,3,3,2,2,3
190000.0,3,3,2,2,3
190500.0,3,3,2,2,3
191000.0,3,3,2,2,3
191500.0,3,3,2,2,3
192000.0,3,3,2,2,3
192500.0,3,3,2,2,3
193000.0,3,3,2,2,3
193500.0,3,3,2,2,3
194000.0,3,3,2,2,3
194500.0,3,3,0,2,3
195000.0,3,3,2,2,1
195500.0,3,3,2,2,3
196000.0,3,3,2,2,3
196500.0,3,3,2,2,3
197000.0,3,3,2,2,3
197500.0,3,3,2,2,3
198000.0,3,3,2,2,3
198500.0,3,3,2,2,3
199000.0,3,3,0,2,3
199500.0,3,3,2,2,3
200000.0,3,3,2,2,3
200500.0,3,3,2,2,3
201000.0,3,3,2,2,3
201500.0,3,3,2,2,3
202000.0,3,3,2,2,3
202500.0,3,3,2,0,3
203000.0,3,3,2,2,3
203500.0,3,3,2,2,3
204000.0,3,3,0,2,3
204500.0,3,3,2,2,3
205000.0,3,3,2,2,1
205500.0,3,3,2,2,3
206000.0,3,3,2,2,3
206500.0,3,3,2,2,3
207000.0,3,3,2,2,3
207500.0,0,3,2,2,1
208000.0,3,3,2,2,3
208500.0,3,3,2,2,3
209000.0,3,3,2,2,3
209500.0,3,3,2,2,3
210000.0,3,3,2,2,3
210500.0,3,3,2,2,3
211000.0,3,3,2,2,3
211500.0,3,3,2,2,3
212000.0,3,3,2,2,3
212500.0,3,3,2,2,3
213000.0,3,3,2,2,3
213500.0,3,3,2,2,3
214000.0,3,1,2,2,3
214500.0,3,3,2,2,3
215000.0,3,3,2,2,3
215500.0,3,3,2,2,3
216000.0,3,3,2,2,3
216500.0,3,3,2,2,3
217000.0,3,3,1,2,3
217500.0,3,3,2,2,3
218000.0,3,3,2,2,3
218500.0,3,3,2,2,3
219000.0,3,3,2,2,3
219500.0,3,3,2,2,3
220000.0,3,3,2,2,3
220500.0,3,3,2,2,3
221000.0,3,3,2,2,3
221500.0,3,3,2,2,3
222000.0,3,3,2,2,3
222500.0,3,3,2,2,3
223000.0,3,3,2,2,3
223500.0,3,3,2,2,3
224000.0,3,3,2,2,3
224500.0,3,3,2,2,3
225000.0,3,3,2,2,3
225500.0,1,3,2,2,3
226000.0,3,3,2,2,3
226500.0,3,3,2,2,3
227000.0,3,3,2,2,3
227500.0,3,3,2,2,3
228000.0,3,3,2,2,3
228500.0,3,3,2,2,3
229000.0,3,3,2,2,3
229500.0,3,3,2,2,3
230000.0,3,3,0,2,3
230500.0,3,3,2,2,3
231000.0,3,3,2,2,3
231500.0,3,3,2,2,3
232000.0,3,3,2,2,3
232500.0,3,3,2,2,3
233000.0,3,3,2,2,3
233500.0,0,3,2,2,3
234000.0,3,3,2,2,3
234500.0,3,3,2,2,3
235000.0,3,3,2,2,3
235500.0,3,3,2,2,3
236000.0,3,3,2,2,3
236500.0,3,3,2,2,3
237000.0,3,3,2,2,3
237500.0,3,3,2,2,3
238000.0,3,3,2,2,3
238500.0,2,3,2,2,2
239000.0,2,3,2,2,3
239500.0,3,3,2,2,3
240000.0,3,3,2,2,3
240500.0,3,3,2,2,3
241000.0,3,3,0,2,3
241500.0,3,3,2,2,3
242000.0,3,3,2,2,3
242500.0,3,3,2,2,3
243000.0,3,3,2,2,3
243500.0,3,3,0,2,3
244000.0,3,3,2,2,3
244500.0,3,3,2,2,3
245000.0,3,3,2,2,3
245500.0,3,3,1,2,3
246000.0,3,3,2,2,3
246500.0,3,3,2,2,3
247000.0,3,3,2,2,1
247500.0,3,3,2,2,3
248000.0,3,3,2,2,3
248500.0,3,1,2,2,3
249000.0,3,3,2,2,3
249500.0,3,3,2,2,3
250000.0,3,3,2,2,3
250500.0,3,3,2,2,3
251000.0,3,3,2,2,3
251500.0,3,3,2,2,2
252000.0,1,3,2,2,3
252500.0,3,3,2,2,3
253000.0,3,3,2,2,3
253500.0,3,3,2,2,3
254000.0,3,3,2,2,3
254500.0,3,3,2,0,3
255000.0,3,3,2,2,3
255500.0,2,2,2,2,3
256000.0,3,3,2,2,3
256500.0,3,3,2,2,3
257000.0,3,3,2,2,3
257500.0,3,3,2,2,3
258000.0,3,3,2,2,3
258500.0,3,3,2,2,3
259000.0,3,3,2,2,3
259500.0,1,3,2,2,3
260000.0,3,3,2,2,3
260500.0,3,3,2,2,3
261000.0,3,3,2,2,3
261500.0,3,3,2,2,3
262000.0,3,3,2,2,3
262500.0,3,3,2,2,3
263000.0,3,3,2,2,3
263500.0,3,3,2,2,3
264000.0,3,3,2,2,3
264500.0,3,3,2,2,3
265000.0,3,3,2,2,3
265500.0,3,1,2,2,3
266000.0,3,3,2,2,3
266500.0,3,3,2,2,3
267000.0,3,3,2,2,3
267500.0,3,3,2,2,3
268000.0,3,3,2,2,1
268500.0,3,3,2,2,3
269000.0,3,3,2,2,3
269500.0,3,3,2,2,3
270000.0,3,3,2,2,3
270500.0,3,3,2,2,3
271000.0,3,3,2,2,3
271500.0,3,3,2,2,3
272000.0,3,3,2,1,3
272500.0,3,3,2,2,3
273000.0,3,3,2,2,3
273500.0,3,3,2,2,3
274000.0,3,3,2,2,3
274500.0,3,3,2,2,3
275000.0,3,3,2,2,3
275500.0,3,3,2,2,3
276000.0,3,3,2,2,3
276500.0,3,3,2,2,3
277000.0,3,3,2,2,3
277500.0,3,3,2,2,3
278000.0,3,3,2,2,3
278500.0,3,3,2,2,3
279000.0,3,3,2,2,3
279500.0,3,3,2,2,3
280000.0,3,3,2,2,3
280500.0,3,3,2,2,3
281000.0,3,3,2,2,3
281500.0,3,3,2,2,3
282000.0,3,3,2,2,3
282500.0,3,3,2,1,3
283000.0,3,3,2,2,3
283500.0,3,3,2,2,1
284000.0,3,3,2,2,3
284500.0,3,3,2,2,3
285000.0,3,3,2,2,3
285500.0,3,3,2,2,1
286000.0,2,3,2,2,3
286500.0,3,3,2,2,3
287000.0,3,3,2,2,3
287500.0,3,3,2,2,3
288000.0,3,3,2,2,3
288500.0,3,3,2,2,3
289000.0,3,3,2,2,3
289500.0,3,3,2,2,3
290000.0,3,3,2,2,3
290500.0,3,3,2,2,3
291000.0,3,3,1,2,3
291500.0,3,3,2,2,3
292000.0,3,3,2,2,3
292500.0,3,3,2,2,3
293000.0,3,3,2,2,3
293500.0,3,3,2,2,3
294000.0,3,3,2,2,3
294500.0,3,3,2,2,3
295000.0,3,3,2,2,3
295500.0,3,3,2,2,3
296000.0,3,3,2,2,3
296500.0,3,3,2,2,3
297000.0,3,3,2,2,3
297500.0,3,3,2,2,3
298000.0,3,3,2,2,3
298500.0,3,3,2,2,3
299000.0,3,3,2,2,3
299500.0,3,3,2,2,3
300000.0,3,3,2,2,3
300500.0,3,3,2,2,3
301000.0,3,3,2,2,3
301500.0,3,3,2,2,3
302000.0,3,3,2,2,3
302500.0,3,3,2,2,3
303000.0,3,3,2,2,3
303500.0,3,3,2,1,3
304000.0,3,3,2,2,3
304500.0,3,3,2,2,3
305000.0,3,3,2,2,3
305500.0,3,3,2,2,3
306000.0,0,0,2,2,3
306500.0,3,3,2,2,3
307000.0,3,3,2,2,3
307500.0,3,3,2,2,3
308000.0,3,3,2,2,3
308500.0,3,3,2,2,3
309000.0,3,3,2,2,3
309500.0,3,3,2,2,3
310000.0,3,0,2,2,3
310500.0,3,3,2,2,3
311000.0,3,3,2,2,3
311500.0,3,3,2,2,3
312000.0,3,3,2,2,3
312500.0,3,3,2,2,3
313000.0,3,3,1,0,3
313500.0,3,3,2,2,3
314000.0,3,3,2,2,3
314500.0,3,3,2,2,3
315000.0,3,3,2,2,3
315500.0,3,3,2,2,3
316000.0,3,3,2,2,3
316500.0,3,3,1,1,3
317000.0,3,3,2,2,3
317500.0,3,3,2,2,3
318000.0,3,3,2,2,3
318500.0,2,3,2,2,3
319000.0,3,3,2,2,3
319500.0,3,3,2,2,3
320000.0,3,3,2,2,3
320500.0,3,3,2,2,3
321000.0,3,3,2,2,3
321500.0,3,3,2,2,3
322000.0,3,3,2,2,3
322500.0,3,3,2,2,3
323000.0,3,3,2,2,3
323500.0,3,3,2,2,3
324000.0,3,3,2,2,3
324500.0,3,3,2,2,3
325000.0,3,3,2,2,3
325500.0,3,3,2,2,3
326000.0,3,3,2,2,3
326500.0,3,3,2,2,3
327000.0,3,3,2,2,3
327500.0,3,3,2,2,3
328000.0,3,3,2,2,3
328500.0,0,3,2,2,3
329000.0,3,3,2,2,3
329500.0,3,3,2,2,3
330000.0,3,3,2,2,3
330500.0,3,3,2,2,3
331000.0,3,3,2,2,3
331500.0,3,3,0,2,3
332000.0,3,3,2,2,3
332500.0,3,3,2,2,3
333000.0,3,3,2,2,3
333500.0,3,3,2,2,3
334000.0,3,3,2,2,3
334500.0,3,3,2,2,3
335000.0,3,3,2,2,3
335500.0,3,3,2,2,3
336000.0,3,3,2,2,3
336500.0,3,3,2,2,3
337000.0,0,3,2,2,3
337500.0,3,3,2,2,3
338000.0,3,3,2,2,3
338500.0,3,3,2,2,3
339000.0,3,3,2,2,3
339500.0,3,3,2,2,3
340000.0,3,3,2,2,3
340500.0,3,3,2,2,3
341000.0,3,3,2,2,3
341500.0,3,3,2,2,3
342000.0,3,3,2,2,3
342500.0,3,3,2,1,3
343000.0,3,3,2,2,3
343500.0,3,3,2,2,3
344000.0,3,3,1,2,3
344500.0,3,3,2,2,3
345000.0,3,3,2,2,3
345500.0,3,3,2,2,3
346000.0,3,3,2,2,3
346500.0,3,3,2,2,3
347000.0,3,3,2,2,3
347500.0,3,3,2,2,3
348000.0,3,3,2,2,3
348500.0,3,3,2,2,3
349000.0,3,3,2,2,3
349500.0,3,3,2,2,3
350000.0,3,3,2,2,3
350500.0,3,3,2,2,3
351000.0,3,3,2,2,3
351500.0,3,3,2,2,3
352000.0,3,3,2,2,3
352500.0,0,3,2,2,3
353000.0,3,3,2,2,3
353500.0,3,3,2,2,3
354000.0,3,3,2,2,3
354500.0,3,3,2,2,3
355000.0,3,3,2,2,3
355500.0,3,3,2,2,3
356000.0,3,3,2,2,3
356500.0,3,3,2,2,3
357000.0,2,0,2,2,3
357500.0,3,3,2,2,3
358000.0,3,3,2,2,3
358500.0,3,3,2,2,3
359000.0,3,3,2,2,3
359500.0,3,3,2,2,3
360000.0,3,3,2,2,3
360500.0,3,3,2,2,3
361000.0,3,3,2,2,3
361500.0,3,3,2,2,3
362000.0,3,3,2,2,3
362500.0,3,3,2,2,3
363000.0,3,3,2,2,2
363500.0,3,3,2,2,3
364000.0,3,3,2,2,3
364500.0,3,3,2,2,2
365000.0,3,3,2,2,3
365500.0,3,3,2,2,3
366000.0,3,3,2,2,3
366500.0,3,3,2,2,3
367000.0,3,3,2,2,3
367500.0,3,3,2,2,3
368000.0,3,3,2,2,3
368500.0,3,3,2,2,3
369000.0,3,3,2,2,3
369500.0,3,3,2,2,3
370000.0,3,3,2,2,3
370500.0,3,3,2,2,3
371000.0,3,3,2,2,0
371500.0,3,3,2,2,3
372000.0,3,3,2,2,3
372500.0,3,3,2,2,3
373000.0,3,3,2,2,3
373500.0,3,3,2,2,3
374000.0,3,3,2,2,3
374500.0,3,3,2,2,3
375000.0,3,3,2,0,3
375500.0,3,3,2,2,3
376000.0,3,3,2,2,3
376500.0,3,3,2,2,3
377000.0,3,3,2,2,3
377500.0,3,3,2,2,3
378000.0,3,3,2,2,3
378500.0,3,3,2,2,3
379000.0,3,3,2,2,3
379500.0,3,3,2,2,3
380000.0,3,3,2,2,3
380500.0,3,3,2,2,3
381000.0,3,3,2,2,3
381500.0,3,3,2,2,3
382000.0,3,3,2,0,3
382500.0,3,3,2,2,3
383000.0,3,3,2,2,3
383500.0,3,3,2,2,3
384000.0,3,3,2,2,3
384500.0,3,3,2,2,3
385000.0,3,3,2,2,3
385500.0,3,3,2,2,3
386000.0,3,3,2,2,3
386500.0,3,3,2,2,3
387000.0,3,3,2,2,3
387500.0,3,3,2,2,3
388000.0,3,3,2,2,3
388500.0,3,3,2,2,3
389000.0,3,3,2,2,3
389500.0,3,3,2,2,3
390000.0,3,3,2,2,0
390500.0,3,3,2,2,3
391000.0,3,3,2,2,3
391500.0,3,3,2,2,3
392000.0,3,3,2,2,3
392500.0,3,3,2,2,3
393000.0,3,3,2,2,3
393500.0,3,2,2,2,1
394000.0,3,3,2,2,3
394500.0,3,3,2,2,3
395000.0,3,3,2,2,3
395500.0,3,3,2,2,3
396000.0,3,3,2,2,3
396500.0,3,3,2,2,3
397000.0,3,3,2,2,3
397500.0,3,3,2,2,3
398000.0,3,0,2,2,3
398500.0,0,1,2,2,3
399000.0,3,3,2,2,3
399500.0,3,3,2,2,3
400000.0,3,3,2,2,3
400500.0,3,3,2,2,3
401000.0,1,3,2,2,3
401500.0,3,3,1,2,3
402000.0,3,3,2,1,3
402500.0,3,3,2,2,3
403000.0,3,3,2,2,3
403500.0,0,3,2,2,3
404000.0,3,3,2,2,3
404500.0,3,3,2,2,3
405000.0,3,3,2,2,3
405500.0,3,3,2,2,3
406000.0,3,3,2,2,3
406500.0,3,3,2,2,3
407000.0,3,3,2,2,3
407500.0,3,3,2,2,3
408000.0,3,3,2,2,3
408500.0,3,3,2,1,3
409000.0,3,3,0,2,3
409500.0,3,3,2,2,3
410000.0,3,3,2,2,3
410500.0,3,3,2,2,3
411000.0,3,3,2,2,3
411500.0,3,3,2,2,3
412000.0,3,0,2,2,3
412500.0,3,3,2,2,3
413000.0,3,3,2,2,3
413500.0,3,3,2,2,3
414000.0,3,3,2,2,3
414500.0,3,3,2,2,3
415000.0,3,3,2,2,3
415500.0,3,3,2,2,3
416000.0,3,3,2,1,3
416500.0,3,3,2,2,3
417000.0,3,3,2,2,3
417500.0,3,3,2,2,2
418000.0,3,3,2,2,3
418500.0,3,3,2,2,3
419000.0,3,3,2,2,3
419500.0,3,3,2,2,3
420000.0,3,3,2,2,3
420500.0,3,3,2,2,3
421000.0,3,3,2,2,3
421500.0,3,3,2,2,3
422000.0,3,3,2,2,3
422500.0,3,3,2,2,0
423000.0,3,3,2,2,3
423500.0,3,3,2,2,3
424000.0,3,3,2,2,3
424500.0,3,3,2,2,3
425000.0,3,3,2,2,3
425500.0,3,0,2,2,3
426000.0,3,3,2,2,3
426500.0,3,3,2,2,3
427000.0,3,3,2,2,3
427500.0,3,3,2,2,3
428000.0,3,3,2,2,3
428500.0,3,3,2,2,3
429000.0,3,3,1,2,3
429500.0,3,3,1,0,3
430000.0,3,3,2,2,3
430500.0,3,3,2,2,3
431000.0,3,3,2,2,3
431500.0,3,3,2,2,3
432000.0,3,3,2,2,3
432500.0,3,3,2,2,3
433000.0,3,3,2,2,3
433500.0,3,3,2,2,3
434000.0,3,3,2,2,3
434500.0,3,3,2,2,3
435000.0,3,3,2,1,3
435500.0,3,3,2,2,3
436000.0,3,3,2,2,3
436500.0,3,2,2,2,0
437000.0,3,3,2,2,3
437500.0,3,3,2,2,3
438000.0,3,3,2,2,3
438500.0,3,3,2,2,3
439000.0,3,3,2,2,3
439500.0,3,3,2,2,3
440000.0,3,3,2,2,3
440500.0,3,3,2,2,3
441000.0,3,3,2,2,3
441500.0,3,0,2,2,3
442000.0,3,3,2,2,3
442500.0,3,3,2,2,3
443000.0,3,3,2,2,3
443500.0,3,3,2,2,3
444000.0,3,3,2,2,3
444500.0,3,3,2,2,3
445000.0,3,3,2,2,3
445500.0,3,3,2,2,3
446000.0,3,3,2,2,3
446500.0,3,3,1,2,3
447000.0,3,3,2,2,3
447500.0,3,3,2,2,3
448000.0,3,3,2,2,2
448500.0,3,3,2,2,3
449000.0,3,3,2,2,3
449500.0,3,3,2,2,3
450000.0,3,3,2,2,3
450500.0,3,3,2,2,3
451000.0,3,3,2,2,3
451500.0,3,3,2,2,3
452000.0,3,3,2,2,3
452500.0,2,3,2,2,3
453000.0,3,3,2,2,3
453500.0,3,3,2,2,3
454000.0,3,1,2,2,3
454500.0,3,3,0,2,3
455000.0,3,3,2,2,3
455500.0,3,3,2,2,3
456000.0,3,3,2,0,3
456500.0,3,3,2,2,3
457000.0,3,3,2,2,3
457500.0,3,3,2,2,3
458000.0,3,3,2,2,3
458500.0,3,3,2,2,3
459000.0,3,3,2,2,3
459500.0,3,3,2,2,3
460000.0,3,3,2,2,3
460500.0,3,3,2,2,3
461000.0,3,3,1,2,3
461500.0,3,3,2,2,3
462000.0,3,3,2,2,3
462500.0,3,3,2,2,3
463000.0,3,3,2,1,3
463500.0,3,3,2,2,3
464000.0,3,3,2,2,3
464500.0,3,3,2,2,3
465000.0,3,3,2,2,3
465500.0,3,3,2,2,3
466000.0,3,3,2,2,3
466500.0,3,1,2,2,2
467000.0,3,3,2,2,3
467500.0,3,3,2,2,3
468000.0,3,3,2,2,3
468500.0,3,3,2,2,3
469000.0,3,3,2,2,3
469500.0,3,1,2,2,3
470000.0,3,3,2,2,3
470500.0,3,3,2,2,3
471000.0,3,3,2,2,3
471500.0,3,3,2,2,3
472000.0,3,3,2,2,3
472500.0,3,3,2,2,3
473000.0,3,3,2,2,3
473500.0,3,3,2,2,3
474000.0,3,3,2,2,3
474500.0,3,3,2,2,3
475000.0,3,3,1,2,3
475500.0,3,3,1,2,3
476000.0,3,3,2,2,3
476500.0,3,3,2,2,3
477000.0,3,3,2,2,3
477500.0,3,3,2,2,1
478000.0,3,3,2,2,3
478500.0,3,3,2,2,3
479000.0,3,3,2,2,3
479500.0,3,3,2,2,3
480000.0,3,3,2,2,3
480500.0,3,3,2,2,3
481000.0,3,3,2,2,3
481500.0,3,3,2,2,3
482000.0,3,3,2,2,3
482500.0,3,3,2,2,3
483000.0,3,3,2,2,3
483500.0,3,3,2,2,0
484000.0,3,3,1,2,3
484500.0,3,3,2,2,1
485000.0,3,3,2,2,3
485500.0,3,3,2,2,3
486000.0,3,1,2,2,3
486500.0,3,3,2,2,3
487000.0,3,1,2,2,3
487500.0,3,3,2,2,3
488000.0,3,3,2,2,3
488500.0,3,3,2,2,3
489000.0,3,3,2,2,3
489500.0,3,3,2,2,3
490000.0,3,3,1,2,3
490500.0,3,3,1,2,3
491000.0,3,3,2,2,3
491500.0,3,3,2,2,3
492000.0,3,3,1,2,3
492500.0,3,3,2,2,3
493000.0,3,3,2,2,3
493500.0,3,3,2,2,3
494000.0,3,3,2,2,3
494500.0,3,3,0,0,3
495000.0,3,3,2,2,3
495500.0,3,3,2,2,3
496000.0,3,3,2,2,3
496500.0,3,3,2,2,3
497000.0,3,3,2,2,3
497500.0,3,3,2,2,3
498000.0,3,3,2,2,3
498500.0,3,3,2,2,3
499000.0,3,3,2,2,3
499500.0,3,3,2,2,3
500000.0,3,3,2,0,3
500500.0,3,3,2,2,3
501000.0,3,3,2,2,3
501500.0,3,3,2,2,3
502000.0,3,3,2,2,3
502500.0,3,3,2,2,3
503000.0,3,3,2,2,3
503500.0,3,3,2,2,3
504000.0,3,3,2,2,3
504500.0,3,3,2,2,3
505000.0,3,3,2,0,3
505500.0,3,3,2,2,3
506000.0,3,3,2,2,3
506500.0,3,3,2,2,3
507000.0,3,3,2,2,3
507500.0,3,3,2,2,3
508000.0,3,3,2,2,3
508500.0,3,3,2,2,3
509000.0,3,3,2,2,3
509500.0,3,3,2,2,3
510000.0,3,3,2,2,3
510500.0,3,3,2,2,3
511000.0,3,3,2,2,3
511500.0,3,3,2,2,3
512000.0,3,3,2,2,3
512500.0,3,3,2,2,3
513000.0,3,3,2,2,3
513500.0,3,3,2,2,3
514000.0,3,3,2,2,3
514500.0,3,3,2,2,3
515000.0,3,3,2,2,3
515500.0,0,3,2,2,3
516000.0,3,3,2,2,3
516500.0,3,3,2,2,3
517000.0,3,3,2,2,3
517500.0,3,3,2,2,3
518000.0,3,3,2,2,3
518500.0,3,3,2,2,3
519000.0,3,3,2,2,3
519500.0,3,3,2,2,3
520000.0,3,3,2,2,3
520500.0,3,3,2,2,3
521000.0,3,3,2,2,3
521500.0,3,3,2,2,3
522000.0,3,3,2,2,3
522500.0,3,3,2,2,3
523000.0,3,3,2,2,3
523500.0,3,3,2,2,3
524000.0,3,3,2,2,3
524500.0,3,3,2,2,3
525000.0,3,3,2,2,3
525500.0,3,3,2,2,3
526000.0,3,3,2,2,3
526500.0,3,3,2,2,3
527000.0,3,3,2,2,3
527500.0,3,3,2,2,3
528000.0,3,3,2,2,3
528500.0,3,3,2,2,3
529000.0,3,3,2,2,3
529500.0,3,3,2,2,3
530000.0,3,3,2,2,3
530500.0,3,3,2,2,3
531000.0,3,3,2,2,3
531500.0,3,3,2,2,3
532000.0,3,3,2,2,3
532500.0,3,3,2,2,3
533000.0,3,3,2,2,2
533500.0,3,3,2,2,3
534000.0,3,3,2,2,3
534500.0,3,3,2,2,3
535000.0,3,3,2,2,3
535500.0,3,3,2,2,3
536000.0,3,3,2,2,3
536500.0,3,3,2,2,3
537000.0,3,3,2,2,3
537500.0,3,3,2,2,3
538000.0,3,3,2,2,3
538500.0,3,3,2,2,3
539000.0,3,3,2,2,3
539500.0,3,3,2,2,3
540000.0,3,3,2,2,3
540500.0,3,3,2,2,3
541000.0,3,3,2,2,3
541500.0,3,3,2,2,3
542000.0,3,3,2,2,3
542500.0,3,3,2,2,3
543000.0,3,3,2,2,3
543500.0,3,3,2,2,3
544000.0,3,3,2,2,3
544500.0,3,3,2,2,3
545000.0,3,3,2,2,3
545500.0,3,3,2,2,3
546000.0,3,3,2,2,3
546500.0,3,3,2,2,3
547000.0,3,3,2,2,3
547500.0,3,3,2,2,3
548000.0,3,3,2,2,3
548500.0,3,3,2,2,3
549000.0,3,3,2,2,3
549500.0,3,3,2,2,3
550000.0,3,3,2,2,3
550500.0,3,3,2,2,3
551000.0,3,3,2,2,3
551500.0,3,3,2,2,3
552000.0,3,3,2,2,3
552500.0,3,3,2,2,3
553000.0,3,3,2,2,3
553500.0,3,3,2,2,3
554000.0,3,3,2,2,3
554500.0,3,3,2,0,3
555000.0,3,3,2,2,3
555500.0,3,3,2,2,3
556000.0,3,3,2,2,3
556500.0,3,3,2,2,3
557000.0,0,3,2,2,3
557500.0,3,3,2,2,3
558000.0,3,3,2,2,3
558500.0,3,3,2,2,3
559000.0,3,3,2,2,3
559500.0,3,3,2,2,3
560000.0,3,3,2,2,3
560500.0,3,3,2,2,3
561000.0,3,3,2,2,3
561500.0,3,3,2,2,3
562000.0,3,3,2,2,3
562500.0,3,3,2,2,3
563000.0,3,3,2,2,3
563500.0,3,3,2,2,3
564000.0,3,3,2,2,3
564500.0,3,3,2,2,3
565000.0,3,3,2,2,3
565500.0,3,3,2,2,3
566000.0,3,3,2,2,3
566500.0,3,3,2,2,3
567000.0,3,3,2,2,3
567500.0,3,3,2,2,3
568000.0,3,3,2,0,3
568500.0,3,3,2,2,3
569000.0,3,3,2,2,3
569500.0,3,3,1,2,3
570000.0,3,3,2,2,3
570500.0,3,3,2,2,3
571000.0,3,3,2,2,3
571500.0,3,3,2,2,3
572000.0,3,3,2,2,3
572500.0,3,3,2,2,3
573000.0,3,3,2,2,3
573500.0,3,3,2,2,3
574000.0,3,3,2,1,2
574500.0,3,1,2,2,3
575000.0,3,3,2,2,3
575500.0,3,3,2,2,3
576000.0,3,3,2,2,3
576500.0,3,3,2,2,3
577000.0,3,3,2,2,3
577500.0,3,3,2,2,3
578000.0,3,3,2,2,3
578500.0,0,3,2,2,3
579000.0,3,3,1,2,1
579500.0,3,3,2,2,3
580000.0,3,3,2,2,3
580500.0,3,3,2,2,3
581000.0,3,3,2,2,3
581500.0,3,3,2,2,3
582000.0,3,3,2,2,3
582500.0,3,3,0,2,3
583000.0,3,3,2,2,3
583500.0,3,3,2,2,3
584000.0,3,3,2,2,3
584500.0,3,3,2,2,3
585000.0,3,3,2,2,3
585500.0,3,3,2,2,3
586000.0,3,3,2,2,3
586500.0,3,3,2,2,3
587000.0,3,3,2,2,3
587500.0,3,3,2,2,3
588000.0,3,3,2,2,3
588500.0,3,3,0,2,3
589000.0,3,3,2,2,3
589500.0,3,3,2,2,3
590000.0,3,3,2,2,3
590500.0,3,3,2,2,3
591000.0,3,3,2,2,3
591500.0,3,3,2,2,3
592000.0,3,3,2,2,3
592500.0,3,3,2,2,3
593000.0,3,3,2,2,3
593500.0,3,3,2,2,3
594000.0,3,3,2,2,3
594500.0,3,3,2,2,3
595000.0,3,3,2,2,3
595500.0,3,3,2,2,3
596000.0,3,3,2,2,3
596500.0,3,3,2,2,3
597000.0,3,3,2,2,3
597500.0,3,3,2,2,3
598000.0,3,3,2,2,3
598500.0,3,3,2,2,3
599000.0,3,3,2,2,3
599500.0,3,3,2,2,3
600000.0,3,3,2,2,3
600500.0,3,3,2,2,3
601000.0,3,3,2,2,3
601500.0,3,3,2,2,3
602000.0,3,3,2,2,3
602500.0,3,1,2,2,3
603000.0,3,3,2,2,3
603500.0,3,3,2,2,3
604000.0,3,3,2,2,3
604500.0,3,3,2,2,3
605000.0,0,3,2,2,3
605500.0,3,3,2,0,3
606000.0,3,3,0,2,3
606500.0,3,2,2,2,3
607000.0,3,3,2,1,3
607500.0,3,3,2,2,3
608000.0,3,3,2,2,3
608500.0,1,3,2,2,3
609000.0,3,3,2,2,3
609500.0,3,3,2,2,3
610000.0,3,3,2,2,3
610500.0,3,3,2,2,3
611000.0,3,3,2,2,3
611500.0,3,3,2,2,3
612000.0,3,3,2,2,3
612500.0,3,3,2,2,3
613000.0,3,3,2,2,3
613500.0,3,3,2,2,3
614000.0,3,3,2,2,3
614500.0,3,3,2,2,3
615000.0,3,3,2,2,3
615500.0,3,3,1,2,3
616000.0,3,3,2,2,3
616500.0,3,3,2,2,3
617000.0,3,3,2,2,3
617500.0,3,3,2,2,3
618000.0,3,3,2,2,3
618500.0,3,3,2,2,3
619000.0,3,3,2,2,3
619500.0,3,3,2,2,3
620000.0,3,3,2,2,3
620500.0,3,3,2,2,3
621000.0,3,2,2,2,3
621500.0,3,0,2,2,3
622000.0,3,3,2,2,3
622500.0,3,3,2,2,3
623000.0,3,3,2,2,3
623500.0,3,3,2,2,3
624000.0,3,3,2,2,3
624500.0,3,3,2,2,3
625000.0,3,3,0,2,2
625500.0,1,3,2,2,3
626000.0,3,3,2,2,3
626500.0,3,3,2,2,3
627000.0,3,3,2,2,3
627500.0,3,3,2,2,3
628000.0,3,3,2,2,3
628500.0,3,3,2,2,3
629000.0,3,3,2,2,3
629500.0,3,3,2,2,3
630000.0,3,3,2,2,3
630500.0,3,3,2,2,3
631000.0,1,3,2,2,3
631500.0,3,3,2,2,3
632000.0,3,3,2,2,3
632500.0,3,3,2,2,3
633000.0,3,3,1,2,3
633500.0,3,3,2,2,3
634000.0,3,3,2,2,3
634500.0,3,3,2,2,3
635000.0,3,3,2,1,3
635500.0,3,3,2,2,3
636000.0,3,3,2,2,3
636500.0,3,3,2,2,3
637000.0,3,3,2,2,3
637500.0,3,3,2,2,3
638000.0,3,3,2,2,3
638500.0,0,3,2,2,3
639000.0,3,3,2,2,3
639500.0,3,3,2,2,3
640000.0,3,3,2,2,3
640500.0,3,3,2,2,3
641000.0,3,3,2,2,3
641500.0,3,3,2,2,3
642000.0,3,3,2,2,3
642500.0,3,3,2,2,3
643000.0,3,3,2,2,3
643500.0,3,3,2,2,3
644000.0,3,3,2,2,3
644500.0,2,3,2,2,3
645000.0,3,3,2,2,3
645500.0,3,3,2,2,3
646000.0,2,1,2,2,3
646500.0,3,3,2,2,3
647000.0,3,3,1,2,3
647500.0,3,3,2,2,0
648000.0,3,3,2,2,3
648500.0,3,3,2,2,3
649000.0,3,3,2,2,3
649500.0,3,3,2,2,3
650000.0,3,3,2,2,3
650500.0,3,3,2,1,3
651000.0,3,3,2,2,3
651500.0,3,2,2,2,3
652000.0,3,3,2,2,3
652500.0,3,3,2,2,3
653000.0,3,3,2,2,3
653500.0,3,3,2,0,3
654000.0,3,3,2,2,3
654500.0,3,0,2,2,3
655000.0,3,3,2,2,3
655500.0,3,3,2,2,3
656000.0,3,3,2,2,3
656500.0,3,3,2,2,3
657000.0,3,3,2,2,3
657500.0,3,3,2,2,3
658000.0,3,3,2,2,3
658500.0,3,3,2,2,3
659000.0,3,3,2,2,3
659500.0,3,3,2,2,3
660000.0,3,3,2,2,3
660500.0,3,3,2,2,3
661000.0,3,3,2,2,3
661500.0,3,3,2,2,3
662000.0,3,3,2,2,3
662500.0,3,3,2,0,3
663000.0,3,3,2,2,3
663500.0,3,3,2,2,3
664000.0,3,3,2,2,3
664500.0,3,3,2,2,3
665000.0,3,3,2,2,3
665500.0,3,3,2,2,3
666000.0,3,3,2,2,3
666500.0,3,3,2,2,3
667000.0,3,3,2,2,3
667500.0,3,1,2,2,3
668000.0,3,3,2,2,3
668500.0,3,3,2,2,3
669000.0,3,3,2,2,3
669500.0,3,3,2,2,3
670000.0,3,3,2,2,3
670500.0,3,3,2,2,3
671000.0,3,3,2,2,3
671500.0,3,3,2,2,3
672000.0,3,3,2,2,3
672500.0,3,3,2,2,3
673000.0,3,3,2,2,3
673500.0,3,3,2,2,3
674000.0,3,3,2,2,3
674500.0,3,3,2,2,3
675000.0,3,3,2,2,3
675500.0,3,3,2,2,3
676000.0,3,3,2,2,3
676500.0,3,3,2,2,3
677000.0,3,3,2,2,3
677500.0,3,3,2,2,3
678000.0,3,3,1,2,3
678500.0,3,3,2,2,3
679000.0,3,3,2,2,3
679500.0,3,3,2,2,3
680000.0,3,3,1,2,3
680500.0,3,3,2,2,3
681000.0,3,3,2,2,3
681500.0,3,3,2,2,3
682000.0,3,3,2,2,3
682500.0,2,3,2,2,3
683000.0,3,3,2,2,3
683500.0,3,3,1,2,3
684000.0,3,3,2,0,3
684500.0,3,3,2,2,3
685000.0,3,3,2,2,3
685500.0,3,3,2,2,3
686000.0,3,3,2,2,3
686500.0,3,3,2,2,3
687000.0,3,3,2,2,3
687500.0,3,3,2,2,3
688000.0,3,3,2,2,3
688500.0,3,3,2,2,3
689000.0,3,3,2,1,3
689500.0,3,3,2,2,3
690000.0,3,3,2,2,3
690500.0,3,3,2,2,3
691000.0,3,3,2,2,3
691500.0,3,3,2,2,3
692000.0,3,2,2,2,3
692500.0,3,3,2,2,3
693000.0,3,3,2,2,3
693500.0,3,3,2,2,3
694000.0,3,3,0,2,3
694500.0,3,3,2,2,3
695000.0,3,3,2,2,3
695500.0,3,3,2,2,3
696000.0,3,3,2,2,3
696500.0,3,3,2,2,3
697000.0,3,3,2,2,3
697500.0,3,3,2,2,3
698000.0,3,3,2,2,3
698500.0,3,3,2,2,3
699000.0,3,3,2,2,3
699500.0,3,3,2,2,3
700000.0,3,3,2,2,3
700500.0,3,3,2,2,3
701000.0,3,3,2,2,3
701500.0,2,3,2,2,3
702000.0,3,3,2,2,3
702500.0,3,3,2,2,3
703000.0,3,3,2,2,3
703500.0,3,3,2,2,3
704000.0,3,3,2,2,3
704500.0,3,3,2,2,3
705000.0,3,3,2,2,3
705500.0,3,3,2,2,3
706000.0,3,3,2,2,3
706500.0,3,3,2,2,3
707000.0,3,3,2,2,3
707500.0,3,3,2,2,3
708000.0,3,3,2,2,3
708500.0,3,3,2,2,3
709000.0,3,3,2,2,3
709500.0,3,3,2,2,3
710000.0,3,3,2,2,3
710500.0,3,3,2,2,3
711000.0,3,3,2,2,3
711500.0,3,3,2,2,3
712000.0,3,3,2,2,3
712500.0,2,3,2,2,3
713000.0,3,3,2,2,3
713500.0,3,3,2,2,3
714000.0,3,3,2,2,3
714500.0,3,0,2,2,2
715000.0,3,3,2,2,3
715500.0,3,3,2,2,3
716000.0,3,3,2,2,3
716500.0,3,3,2,2,3
717000.0,3,3,2,2,3
717500.0,3,3,2,2,3
718000.0,3,3,2,2,3
718500.0,3,3,2,2,3
719000.0,3,3,2,2,3
719500.0,3,3,2,2,3
720000.0,3,3,2,2,3
720500.0,3,3,2,1,3
721000.0,3,3,2,2,3
721500.0,3,3,2,2,3
722000.0,3,3,2,2,3
722500.0,3,3,2,2,3
723000.0,3,3,2,2,3
723500.0,3,3,2,2,3
724000.0,3,3,2,2,3
724500.0,3,3,2,2,3
725000.0,3,3,2,2,3
725500.0,3,3,2,2,3
726000.0,3,1,2,2,3
726500.0,3,3,2,2,3
727000.0,3,3,2,2,3
727500.0,3,3,2,2,3
728000.0,3,2,2,2,3
728500.0,3,3,2,2,3
729000.0,3,3,2,2,3
729500.0,3,3,2,2,3
730000.0,3,3,2,2,3
730500.0,3,3,2,2,3
731000.0,3,3,2,2,3
731500.0,3,3,2,2,3
732000.0,3,3,2,2,3
732500.0,3,3,2,2,3
733000.0,3,3,2,2,3
733500.0,3,3,2,2,3
734000.0,3,3,2,2,3
734500.0,3,3,2,2,3
735000.0,3,3,2,2,3
735500.0,3,3,2,2,3
736000.0,3,3,2,2,3
736500.0,3,0,2,2,3
737000.0,3,3,2,2,3
737500.0,3,3,2,2,3
738000.0,3,3,2,2,3
738500.0,3,3,2,2,3
739000.0,3,3,2,2,3
739500.0,3,3,2,2,3
740000.0,3,3,2,2,3
740500.0,3,3,2,2,3
741000.0,3,3,2,2,3
741500.0,3,3,2,2,3
742000.0,3,3,0,2,3
742500.0,3,3,2,2,3
743000.0,3,3,2,2,3
743500.0,3,3,2,2,3
744000.0,3,3,2,2,3
744500.0,3,3,2,2,3
745000.0,3,3,2,2,3
745500.0,2,3,2,2,3
746000.0,3,3,2,2,3
746500.0,3,3,2,2,3
747000.0,3,3,2,2,1
747500.0,3,3,2,2,3
748000.0,3,3,2,2,3
748500.0,3,3,2,2,3
749000.0,3,3,2,2,3
749500.0,3,3,2,2,3
750000.0,3,3,2,2,3
750500.0,3,3,2,2,3
751000.0,3,3,2,2,3
751500.0,3,3,2,2,3
752000.0,3,3,2,2,3
752500.0,3,3,2,2,3
753000.0,3,3,2,2,3
753500.0,3,3,2,2,3
754000.0,3,3,2,2,3
754500.0,3,3,2,2,3
755000.0,3,3,2,2,3
755500.0,3,3,2,2,3
756000.0,3,3,1,2,3
756500.0,3,3,2,2,3
757000.0,3,3,2,2,3
757500.0,3,3,2,2,3
758000.0,3,3,0,2,3
758500.0,3,3,2,2,3
759000.0,3,3,2,2,3
759500.0,3,3,2,2,3
760000.0,1,3,2,2,3
760500.0,3,3,2,2,3
761000.0,3,3,2,2,3
761500.0,3,3,2,2,3
762000.0,3,3,2,2,3
762500.0,3,3,2,2,3
763000.0,3,3,2,2,3
763500.0,3,3,2,2,3
764000.0,3,3,2,2,3
764500.0,3,3,2,2,3
765000.0,3,3,2,2,3
765500.0,3,3,2,2,3
766000.0,3,3,2,2,3
766500.0,3,3,2,2,3
767000.0,3,3,2,2,3
767500.0,3,3,2,2,3
768000.0,3,3,2,2,3
768500.0,3,3,2,2,3
769000.0,3,3,2,2,3
769500.0,3,3,2,2,3
770000.0,3,3,2,2,3
770500.0,3,3,1,2,3
771000.0,3,3,2,2,1
771500.0,3,3,2,2,3
772000.0,3,3,2,2,1
772500.0,3,3,2,2,3
773000.0,3,3,2,2,3
773500.0,3,3,2,2,3
774000.0,3,3,2,2,3
774500.0,2,3,2,2,3
775000.0,3,3,2,2,3
775500.0,3,3,2,2,3
776000.0,3,3,2,2,3
776500.0,3,3,2,2,3
777000.0,3,3,2,2,3
777500.0,3,3,2,2,3
778000.0,3,3,1,2,3
778500.0,3,3,2,2,3
779000.0,3,0,2,2,3
779500.0,3,3,2,2,3
780000.0,3,3,2,2,3
780500.0,3,3,2,2,3
781000.0,3,3,2,2,3
781500.0,3,3,2,2,3
782000.0,3,3,2,2,3
782500.0,3,3,2,2,3
783000.0,3,3,2,2,0
783500.0,3,3,2,2,3
784000.0,3,3,2,2,3
784500.0,3,3,2,2,3
785000.0,3,3,2,2,3
785500.0,3,3,2,2,3
786000.0,3,3,2,2,3
786500.0,2,3,2,2,3
787000.0,3,3,2,2,3
787500.0,3,3,2,2,3
788000.0,3,3,2,2,3
788500.0,3,3,2,2,3
789000.0,3,3,2,2,3
789500.0,3,3,2,2,3
790000.0,3,3,2,2,3
790500.0,3,3,2,2,3
791000.0,3,3,2,2,3
791500.0,3,3,2,2,3
792000.0,3,3,2,2,3
792500.0,3,3,2,2,3
793000.0,3,3,2,2,3
793500.0,3,3,2,2,3
794000.0,3,3,2,2,3
794500.0,3,3,2,2,1
795000.0,3,3,2,2,3
795500.0,3,3,2,2,3
796000.0,3,3,2,2,3
796500.0,3,3,2,2,3
797000.0,3,3,2,2,3
797500.0,3,3,2,2,3
798000.0,0,3,2,2,3
798500.0,3,3,2,2,3
799000.0,3,3,2,2,3
799500.0,3,3,2,2,3
800000.0,3,3,2,2,3
800500.0,1,3,2,2,3
801000.0,3,3,2,2,3
801500.0,3,3,2,2,3
802000.0,3,3,2,2,3
802500.0,3,3,2,2,3
803000.0,3,3,2,2,3
803500.0,3,3,2,2,3
804000.0,3,3,2,2,3
804500.0,3,3,2,2,3
805000.0,3,3,2,2,1
805500.0,3,3,2,2,3
806000.0,3,3,2,2,3
806500.0,3,3,2,2,3
807000.0,3,3,2,2,3
807500.0,3,3,2,2,3
808000.0,3,3,2,2,3
808500.0,3,3,2,2,3
809000.0,3,3,2,2,3
809500.0,3,3,2,2,3
810000.0,3,3,2,2,3
810500.0,3,3,2,2,3
811000.0,3,3,2,2,3
811500.0,3,3,0,2,3
812000.0,3,3,2,0,3
812500.0,3,3,2,2,3
813000.0,3,3,2,2,3
813500.0,3,3,2,2,3
814000.0,3,3,2,2,3
814500.0,3,3,2,2,3
815000.0,3,3,2,2,3
815500.0,3,3,2,2,3
816000.0,3,3,2,2,3
816500.0,3,3,2,2,3
817000.0,3,3,2,2,2
817500.0,3,3,2,2,3
818000.0,3,3,2,2,3
818500.0,3,3,2,2,3
819000.0,3,3,2,2,3
819500.0,3,3,2,2,3
820000.0,3,3,2,2,3
820500.0,3,3,1,2,3
821000.0,3,3,2,2,3
821500.0,3,3,2,2,3
822000.0,3,3,2,2,3
822500.0,3,3,2,2,3
823000.0,3,3,2,2,3
823500.0,3,3,2,2,3
824000.0,3,3,2,2,3
824500.0,3,3,2,2,3
825000.0,3,3,2,2,3
825500.0,2,3,2,2,3
826000.0,3,3,2,2,3
826500.0,3,3,2,2,3
827000.0,3,3,2,2,3
827500.0,3,3,2,2,3
828000.0,3,0,2,2,3
828500.0,3,3,2,2,3
829000.0,3,3,2,2,3
829500.0,3,3,2,2,3
830000.0,3,3,2,2,3
830500.0,3,3,2,2,3
831000.0,3,3,2,2,3
831500.0,3,3,2,2,3
832000.0,3,3,2,2,3
832500.0,3,3,2,2,3
833000.0,3,3,2,2,3
833500.0,3,3,2,2,3
834000.0,3,3,2,2,3
834500.0,3,3,2,2,3
835000.0,3,3,1,1,3
835500.0,3,3,2,2,3
836000.0,3,3,2,2,3
836500.0,3,3,2,2,3
837000.0,3,3,2,2,3
837500.0,2,3,2,2,3
838000.0,3,3,2,2,3
838500.0,3,3,2,2,3
839000.0,3,3,2,2,3
839500.0,3,3,2,2,3
840000.0,3,3,2,2,3
840500.0,3,3,2,2,3
841000.0,3,3,2,2,3
841500.0,3,2,2,2,3
842000.0,3,3,2,2,3
842500.0,3,3,2,2,3
843000.0,3,3,2,2,3
843500.0,3,0,2,2,3
844000.0,3,3,2,0,3
844500.0,3,3,2,2,3
845000.0,3,3,2,2,3
845500.0,3,3,2,2,3
846000.0,3,3,2,2,3
846500.0,3,3,2,2,3
847000.0,3,3,2,2,3
847500.0,3,3,2,2,3
848000.0,3,3,2,2,3
848500.0,3,3,2,2,3
849000.0,3,3,2,2,3
849500.0,3,3,2,2,3
850000.0,3,3,2,2,3
850500.0,3,3,2,2,3
851000.0,3,3,2,2,3
851500.0,3,3,2,2,3
852000.0,3,3,2,2,3
852500.0,3,3,2,2,3
853000.0,3,3,2,2,3
853500.0,3,3,2,2,3
854000.0,3,3,2,2,3
854500.0,3,3,2,2,3
855000.0,3,3,2,2,3
855500.0,1,3,2,2,3
856000.0,2,3,2,2,3
856500.0,3,1,1,2,3
857000.0,2,3,2,2,3
857500.0,3,3,2,2,3
858000.0,3,0,2,2,3
858500.0,3,3,2,2,3
859000.0,3,3,2,2,3
859500.0,3,3,2,2,3
860000.0,3,3,2,2,3
860500.0,3,3,2,0,3
861000.0,3,3,2,2,3
861500.0,3,3,2,2,3
862000.0,3,3,2,2,3
862500.0,3,3,2,2,3
863000.0,1,3,2,2,3
863500.0,3,3,2,2,3
864000.0,3,3,2,2,3
864500.0,2,2,2,2,3
865000.0,3,3,2,2,3
865500.0,3,3,2,2,3
866000.0,3,3,2,2,3
866500.0,3,3,2,2,3
867000.0,3,3,2,2,3
867500.0,3,3,2,2,3
868000.0,3,3,2,2,3
868500.0,2,0,2,2,2
869000.0,3,3,2,2,3
869500.0,3,3,2,2,3
870000.0,3,3,2,2,3
870500.0,3,3,2,2,3
871000.0,3,3,2,2,3
871500.0,3,3,2,2,3
872000.0,3,3,2,2,3
872500.0,3,3,2,2,3
873000.0,3,3,2,2,3
873500.0,3,3,2,2,3
874000.0,3,3,2,2,3
874500.0,3,3,2,2,3
875000.0,3,3,2,2,3
875500.0,3,3,2,2,3
876000.0,3,3,2,2,3
876500.0,3,3,2,2,3
877000.0,3,3,2,2,3
877500.0,1,3,2,2,3
878000.0,2,3,2,2,3
878500.0,3,3,2,2,3
879000.0,3,3,2,2,3
879500.0,3,3,2,2,3
880000.0,3,3,2,2,3
880500.0,3,3,2,2,3
881000.0,3,3,2,2,3
881500.0,3,3,2,2,3
882000.0,3,3,2,2,3
882500.0,3,3,2,2,3
883000.0,3,0,2,2,3
883500.0,3,3,2,2,3
884000.0,3,3,2,2,3
884500.0,1,3,2,2,3
885000.0,3,3,2,2,3
885500.0,3,3,2,2,3
886000.0,3,3,2,2,3
886500.0,3,3,2,2,3
887000.0,3,3,2,2,3
887500.0,3,3,2,2,3
888000.0,3,3,2,2,3
888500.0,3,3,2,2,3
889000.0,3,3,2,2,3
889500.0,3,3,2,2,3
890000.0,3,2,2,2,3
890500.0,3,3,2,2,3
891000.0,3,3,2,2,3
891500.0,3,3,2,2,3
892000.0,3,3,2,2,3
892500.0,3,1,2,2,3
893000.0,3,3,2,2,3
893500.0,3,3,2,2,3
894000.0,3,3,2,2,3
894500.0,3,3,2,2,3
895000.0,3,3,2,2,3
895500.0,3,3,2,2,3
896000.0,3,3,2,2,3
896500.0,3,1,2,2,3
897000.0,3,3,2,2,3
897500.0,3,3,2,2,3
898000.0,3,3,2,2,3
898500.0,3,3,2,2,3
899000.0,3,3,2,2,3
899500.0,3,3,2,2,3
900000.0,3,3,2,2,3
900500.0,3,3,2,2,3
901000.0,3,3,2,2,3
901500.0,3,3,2,2,3
902000.0,3,3,2,2,3
902500.0,3,3,2,2,3
903000.0,3,3,2,2,3
903500.0,3,3,2,2,3
904000.0,3,3,2,2,3
904500.0,3,3,2,2,3
905000.0,3,3,2,2,3
905500.0,3,3,0,2,3
906000.0,3,3,2,2,3
906500.0,3,3,2,2,3
907000.0,3,3,2,2,3
907500.0,3,3,2,2,3
908000.0,3,3,2,2,1
908500.0,3,3,2,2,3
909000.0,3,3,2,2,3
909500.0,3,3,2,2,3
910000.0,3,3,2,2,3
910500.0,3,3,2,2,3
911000.0,3,3,2,2,3
911500.0,3,3,2,2,3
912000.0,3,3,2,2,3
912500.0,3,3,2,2,3
913000.0,3,0,2,2,3
913500.0,3,3,2,2,3
914000.0,3,3,2,2,3
914500.0,3,0,2,2,3
915000.0,3,3,2,2,3
915500.0,3,3,2,2,3
916000.0,3,3,2,2,3
916500.0,2,3,2,2,3
917000.0,3,3,2,2,3
917500.0,3,3,2,2,3
918000.0,3,3,2,2,3
918500.0,3,3,2,2,3
919000.0,3,1,2,2,3
919500.0,3,3,2,2,3
920000.0,3,3,2,2,3
920500.0,3,3,2,2,3
921000.0,3,3,2,2,3
921500.0,3,3,2,2,3
922000.0,3,3,2,2,3
922500.0,3,3,2,2,3
923000.0,3,3,2,2,3
923500.0,3,3,2,2,3
924000.0,3,3,2,2,3
924500.0,3,3,2,2,3
925000.0,3,3,2,2,3
925500.0,3,3,2,2,3
926000.0,3,3,2,0,3
926500.0,3,3,1,2,3
927000.0,3,3,2,2,3
927500.0,3,3,2,2,3
928000.0,3,3,2,2,3
928500.0,3,3,2,2,3
929000.0,3,3,1,2,3
929500.0,3,3,2,2,3
930000.0,3,3,2,2,3
930500.0,3,3,2,2,3
931000.0,3,3,2,2,3
931500.0,3,3,2,2,3
932000.0,3,3,2,2,3
932500.0,3,3,2,2,3
933000.0,3,3,2,2,3
933500.0,3,3,2,2,3
934000.0,3,3,2,2,3
934500.0,3,0,2,2,3
935000.0,3,3,2,2,3
935500.0,3,3,2,2,3
936000.0,3,3,2,2,3
936500.0,3,3,2,0,3
937000.0,3,3,2,2,3
937500.0,3,3,2,2,3
938000.0,3,3,2,2,3
938500.0,3,3,2,2,3
939000.0,3,3,2,2,3
939500.0,3,3,2,2,3
940000.0,3,3,2,2,3
940500.0,3,3,2,2,3
941000.0,3,3,2,2,3
941500.0,3,3,2,2,3
942000.0,3,3,2,2,3
942500.0,3,3,2,2,3
943000.0,3,3,2,2,0
943500.0,3,3,2,2,3
944000.0,3,3,0,0,3
944500.0,3,3,2,2,3
945000.0,3,2,2,2,3
945500.0,3,3,2,2,3
946000.0,3,3,2,2,3
946500.0,3,3,2,2,3
947000.0,3,0,2,2,3
947500.0,3,3,2,2,3
948000.0,3,3,2,2,3
948500.0,3,3,2,2,3
949000.0,3,1,2,2,3
949500.0,3,3,2,2,1
950000.0,3,3,2,2,3
950500.0,3,3,2,2,2
951000.0,3,3,2,2,3
951500.0,3,3,2,2,3
952000.0,3,2,2,2,3
952500.0,3,3,2,2,3
953000.0,3,3,2,2,3
953500.0,3,3,2,2,3
954000.0,3,3,2,2,3
954500.0,3,3,2,2,3
955000.0,3,3,2,2,3
955500.0,3,3,2,2,3
956000.0,3,3,2,2,3
956500.0,3,3,2,2,3
957000.0,3,3,2,2,3
957500.0,3,3,2,2,3
958000.0,3,3,2,2,3
958500.0,3,3,2,2,3
959000.0,3,0,2,2,3
959500.0,3,3,2,2,3
960000.0,3,3,2,2,3
960500.0,3,3,2,2,3
961000.0,3,3,2,2,3
961500.0,3,3,2,2,3
962000.0,1,3,2,2,3
962500.0,3,3,2,2,3
963000.0,3,3,2,2,3
963500.0,3,3,2,2,3
964000.0,3,3,2,2,0
964500.0,3,3,2,2,3
965000.0,3,3,2,2,3
965500.0,3,0,2,2,3
966000.0,3,3,2,2,3
966500.0,3,3,2,2,3
967000.0,3,3,2,2,3
967500.0,3,2,2,2,3
968000.0,3,3,2,2,3
968500.0,3,3,2,2,3
969000.0,3,2,2,2,1
969500.0,3,3,0,2,3
970000.0,3,3,2,2,3
970500.0,3,3,2,2,3
971000.0,3,3,2,2,3
971500.0,3,3,2,2,3
972000.0,3,3,2,2,3
972500.0,3,3,2,2,3
973000.0,3,3,2,2,3
973500.0,3,3,2,2,3
974000.0,1,3,2,2,3
974500.0,3,3,2,2,3
975000.0,3,3,2,2,3
975500.0,3,3,2,2,3
976000.0,3,3,2,2,3
976500.0,3,3,2,2,3
977000.0,3,3,2,2,3
977500.0,3,3,2,2,3
978000.0,3,3,2,2,3
978500.0,3,3,2,2,3
979000.0,3,3,2,2,3
979500.0,3,3,2,2,3
980000.0,3,3,2,2,3
980500.0,3,0,2,2,3
981000.0,3,3,2,2,3
981500.0,3,0,2,2,3
982000.0,3,3,2,2,3
982500.0,3,3,2,2,3
983000.0,3,3,2,2,3
983500.0,3,3,2,2,3
984000.0,3,3,2,2,3
984500.0,3,3,1,2,3
985000.0,3,3,2,2,3
985500.0,3,3,2,1,3
986000.0,3,3,2,2,3
986500.0,3,3,2,2,3
987000.0,3,3,2,2,3
987500.0,3,3,2,2,3
988000.0,3,3,2,2,3
988500.0,3,3,2,2,3
989000.0,3,3,2,2,3
989500.0,3,3,2,2,3
990000.0,3,3,2,2,1
990500.0,3,3,2,2,3
991000.0,3,3,2,2,3
991500.0,3,3,1,2,3
992000.0,3,3,2,2,3
992500.0,3,3,2,2,3
993000.0,3,3,2,2,3
993500.0,3,3,2,2,3
994000.0,3,3,2,2,3
994500.0,3,3,2,2,1
995000.0,3,3,2,2,3
995500.0,3,2,2,2,3
996000.0,3,0,2,2,3
996500.0,3,3,2,2,3
997000.0,3,3,2,2,3
997500.0,3,3,2,2,3
998000.0,3,3,2,0,3
998500.0,3,3,2,2,3
999000.0,2,3,2,1,3
999500.0,3,3,2,2,3
1000000.0,3,3,2,2,3
1000500.0,3,3,2,2,1
1001000.0,3,3,2,2,3
1001500.0,3,3,2,2,3
1002000.0,3,3,2,2,3
1002500.0,3,3,2,2,3
1003000.0,3,3,2,2,3
1003500.0,3,3,2,2,3
1004000.0,3,3,2,2,3
1004500.0,3,3,2,2,3
1005000.0,3,3,2,2,3
1005500.0,3,3,2,2,3
1006000.0,3,3,2,2,3
1006500.0,3,3,2,2,3
1007000.0,3,3,2,2,3
1007500.0,3,3,2,2,3
1008000.0,3,3,2,2,3
1008500.0,3,3,2,2,3
1009000.0,3,3,2,2,3
1009500.0,3,3,2,2,3
1010000.0,3,3,2,2,3
1010500.0,3,3,2,2,3
1011000.0,3,3,2,2,3
1011500.0,3,3,2,2,3
1012000.0,3,3,2,2,3
1012500.0,3,3,2,2,3
1013000.0,3,3,2,2,3
1013500.0,3,3,2,2,3
1014000.0,3,3,2,2,3
1014500.0,3,3,2,2,3
1015000.0,3,3,2,2,3
1015500.0,3,3,2,2,3
1016000.0,3,3,2,2,3
1016500.0,3,3,2,2,3
1017000.0,3,3,2,2,3
1017500.0,3,3,2,2,3
1018000.0,3,3,2,2,3
1018500.0,3,3,2,2,3
1019000.0,3,3,2,2,3
1019500.0,3,3,2,2,3
1020000.0,3,3,2,2,3
1020500.0,3,3,2,2,3
1021000.0,3,3,2,2,3
1021500.0,3,3,2,2,3
1022000.0,3,3,2,2,3
1022500.0,0,3,2,2,3
1023000.0,3,3,2,2,3
1023500.0,3,3,2,2,3
1024000.0,3,3,2,2,1
1024500.0,3,3,2,2,1
1025000.0,3,3,2,2,3
1025500.0,3,3,2,2,3
1026000.0,3,3,2,2,3
1026500.0,3,3,2,2,3
1027000.0,3,3,2,2,3
1027500.0,3,3,2,2,3
1028000.0,3,3,2,2,3
1028500.0,3,3,2,2,3
1029000.0,3,3,2,2,3
1029500.0,3,0,2,2,3
1030000.0,3,3,2,2,3
1030500.0,3,3,2,2,3
1031000.0,3,3,2,2,3
1031500.0,3,3,2,2,3
1032000.0,3,3,2,2,3
1032500.0,3,3,2,2,3
1033000.0,3,3,2,2,3
1033500.0,3,3,2,2,3
1034000.0,3,3,2,2,3
1034500.0,3,3,2,2,3
1035000.0,3,3,2,2,3
1035500.0,3,3,2,2,3
1036000.0,3,3,2,2,3
1036500.0,3,3,2,2,3
1037000.0,0,3,2,2,3
1037500.0,3,3,2,2,3
1038000.0,1,3,2,2,3
1038500.0,3,3,2,2,3
1039000.0,3,3,0,2,3
1039500.0,3,3,2,2,3
1040000.0,3,3,2,2,3
1040500.0,3,3,2,2,2
1041000.0,3,1,1,1,3
1041500.0,2,0,2,2,3
1042000.0,3,3,2,0,3
1042500.0,3,3,2,2,3
1043000.0,3,2,2,2,3
1043500.0,3,3,2,2,3
1044000.0,3,3,2,2,3
1044500.0,3,3,2,2,3
1045000.0,3,3,2,2,3
1045500.0,3,3,2,2,3
1046000.0,3,3,2,2,3
1046500.0,3,3,2,2,3
1047000.0,3,3,2,2,3
1047500.0,3,3,2,2,3
1048000.0,3,3,2,2,3
1048500.0,3,3,2,2,3
1049000.0,3,3,2,2,3
1049500.0,1,3,2,2,3
1050000.0,3,3,2,2,3
1050500.0,3,3,2,2,2
1051000.0,3,3,2,2,3
1051500.0,3,3,2,2,3
1052000.0,1,3,2,2,3
1052500.0,3,3,2,2,3
1053000.0,3,3,2,2,3
1053500.0,3,3,2,0,3
1054000.0,3,3,2,2,3
1054500.0,3,3,2,2,3
1055000.0,3,3,2,2,3
1055500.0,3,3,2,2,3
1056000.0,3,3,2,2,3
1056500.0,3,3,2,2,3
1057000.0,3,3,2,2,3
1057500.0,3,3,2,2,3
1058000.0,3,3,2,2,3
1058500.0,3,3,2,2,3
1059000.0,3,3,2,2,3
1059500.0,3,3,2,2,3
1060000.0,3,3,2,2,3
1060500.0,3,3,2,1,3
1061000.0,3,3,2,2,3
1061500.0,3,3,2,2,3
1062000.0,3,3,2,2,3
1062500.0,3,3,2,2,3
1063000.0,1,3,2,2,3
1063500.0,3,3,2,2,3
1064000.0,3,3,2,2,3
1064500.0,3,3,2,2,3
1065000.0,3,3,1,2,3
1065500.0,3,3,2,2,3
1066000.0,3,3,2,2,3
1066500.0,1,3,2,2,3
1067000.0,3,3,2,2,3
1067500.0,3,3,2,2,3
1068000.0,3,3,2,2,3
1068500.0,3,3,2,2,3
1069000.0,3,3,2,2,3
1069500.0,3,3,2,0,3
1070000.0,3,3,2,2,3
1070500.0,3,3,2,2,3
1071000.0,3,3,2,2,3
1071500.0,3,3,2,2,3
1072000.0,3,3,2,0,3
1072500.0,3,3,2,2,3
1073000.0,3,3,2,2,3
1073500.0,3,3,2,2,3
1074000.0,2,3,2,2,3
1074500.0,3,3,2,2,3
1075000.0,3,3,2,2,3
1075500.0,3,3,2,2,3
1076000.0,3,3,0,2,3
1076500.0,3,3,2,2,3
1077000.0,3,3,2,2,3
1077500.0,3,3,2,2,3
1078000.0,3,3,2,2,3
1078500.0,0,3,2,2,3
1079000.0,3,3,2,2,3
1079500.0,3,3,0,2,3
1080000.0,3,2,2,2,3
1080500.0,1,3,2,2,3
1081000.0,3,3,2,2,3
1081500.0,3,3,2,2,3
1082000.0,3,3,2,2,3
1082500.0,3,3,2,2,3
1083000.0,3,3,2,2,3
1083500.0,3,3,2,2,3
1084000.0,3,3,2,2,0
1084500.0,3,3,2,2,3
1085000.0,3,3,2,2,3
1085500.0,3,3,2,2,3
1086000.0,3,3,2,2,3
1086500.0,3,3,2,2,2
1087000.0,3,3,2,2,3
1087500.0,3,3,2,2,2
1088000.0,3,3,2,2,3
1088500.0,3,0,2,2,3
1089000.0,3,3,2,2,0
1089500.0,3,2,2,2,3
1090000.0,3,3,2,2,3
1090500.0,3,3,2,2,3
1091000.0,3,3,2,2,3
1091500.0,3,3,2,2,3
1092000.0,3,3,2,2,3
1092500.0,3,3,2,2,3
1093000.0,3,3,2,2,3
1093500.0,3,3,2,2,3
1094000.0,3,3,2,2,1
1094500.0,3,3,2,2,3
1095000.0,3,3,2,2,3
1095500.0,3,3,2,2,3
1096000.0,3,3,2,2,3
1096500.0,3,3,2,2,3
1097000.0,3,3,2,2,3
1097500.0,3,3,2,2,3
1098000.0,3,3,2,2,3
1098500.0,3,3,2,2,3
1099000.0,3,3,2,2,3
1099500.0,3,0,2,2,3
1100000.0,3,3,2,2,3
1100500.0,1,3,2,2,3
1101000.0,3,3,2,2,1
1101500.0,3,3,2,2,3
1102000.0,3,3,2,2,3
1102500.0,3,3,2,2,3
1103000.0,3,3,2,2,3
1103500.0,3,3,2,2,3
1104000.0,3,3,2,2,3
1104500.0,3,3,2,2,3
1105000.0,3,2,2,2,3
1105500.0,3,3,2,2,3
1106000.0,3,3,0,2,3
1106500.0,3,3,2,2,0
1107000.0,3,3,2,2,3
1107500.0,3,3,2,2,3
1108000.0,1,0,2,2,3
1108500.0,3,3,2,2,3
1109000.0,3,3,2,2,0
1109500.0,3,3,2,2,3
1110000.0,3,3,2,2,3
1110500.0,3,3,2,2,0
1111000.0,3,3,2,2,3
1111500.0,3,3,2,0,3
1112000.0,3,3,2,0,3
1112500.0,3,3,2,2,3
1113000.0,3,3,1,2,3
1113500.0,3,3,2,2,3
1114000.0,3,3,2,2,3
1114500.0,3,3,1,0,3
1115000.0,3,3,2,2,3
1115500.0,3,3,2,2,3
1116000.0,3,3,2,2,3
1116500.0,3,3,2,2,3
1117000.0,3,3,2,2,3
1117500.0,3,3,2,1,1
1118000.0,3,3,2,2,3
1118500.0,3,3,2,2,3
1119000.0,3,3,2,2,3
1119500.0,3,3,2,2,3
1120000.0,3,3,2,2,3
1120500.0,3,3,2,2,3
1121000.0,3,3,2,2,3
1121500.0,3,3,2,0,3
1122000.0,3,3,2,2,3
1122500.0,3,3,2,2,3
1123000.0,3,3,1,2,3
1123500.0,3,3,2,2,3
1124000.0,3,3,0,2,3
1124500.0,3,3,2,2,3
1125000.0,3,3,2,2,3
1125500.0,3,3,2,2,3
1126000.0,3,3,2,2,3
1126500.0,3,3,2,2,3
1127000.0,3,3,2,2,3
1127500.0,3,3,2,2,3
1128000.0,3,3,2,2,3
1128500.0,3,3,2,2,3
1129000.0,3,3,2,2,3
1129500.0,3,3,2,2,3
1130000.0,3,3,2,2,3
1130500.0,3,3,2,2,3
1131000.0,3,3,2,2,3
1131500.0,3,3,2,2,0
1132000.0,3,3,2,2,3
1132500.0,3,0,2,2,3
1133000.0,3,3,2,2,3
1133500.0,3,3,2,2,3
1134000.0,3,3,2,2,3
1134500.0,3,3,2,0,3
1135000.0,3,3,2,2,3
1135500.0,3,3,2,2,3
1136000.0,3,3,2,2,3
1136500.0,3,3,2,2,3
1137000.0,3,3,2,2,3
1137500.0,3,3,2,2,1
1138000.0,3,3,2,2,3
1138500.0,3,3,2,2,3
1139000.0,3,3,2,2,3
1139500.0,3,3,2,0,3
1140000.0,3,3,2,2,3
1140500.0,3,3,2,2,3
1141000.0,3,3,2,2,3
1141500.0,3,3,2,2,3
1142000.0,3,3,2,2,3
1142500.0,3,3,2,2,3
1143000.0,3,3,2,2,3
1143500.0,3,3,2,2,3
1144000.0,3,2,2,2,2
1144500.0,3,3,2,2,3
1145000.0,3,3,2,2,1
1145500.0,3,3,2,2,3
1146000.0,3,3,2,2,3
1146500.0,3,3,2,2,3
1147000.0,3,3,2,2,3
1147500.0,3,3,2,2,3
1148000.0,3,3,2,2,3
1148500.0,3,3,2,2,1
1149000.0,3,3,2,0,3
1149500.0,3,3,2,2,1
1150000.0,3,3,2,2,3
1150500.0,3,3,2,2,3
1151000.0,3,3,2,2,3
1151500.0,3,3,2,2,1
1152000.0,3,3,2,2,3
1152500.0,3,3,2,2,3
1153000.0,3,3,2,2,3
1153500.0,3,3,2,2,3
1154000.0,3,3,2,2,3
1154500.0,3,3,2,2,3
1155000.0,0,3,2,2,3
1155500.0,3,3,2,2,3
1156000.0,3,3,2,2,3
1156500.0,3,3,2,2,3
1157000.0,3,3,2,2,3
1157500.0,3,3,2,2,3
1158000.0,3,3,2,2,3
1158500.0,3,3,2,2,3
1159000.0,3,3,2,2,3
1159500.0,3,3,2,2,3
1160000.0,3,3,2,2,3
1160500.0,3,3,2,2,1
1161000.0,3,3,2,2,3
1161500.0,3,3,2,2,3
1162000.0,3,3,2,2,3
1162500.0,3,3,2,2,3
1163000.0,3,3,2,2,3
1163500.0,3,3,0,2,3
1164000.0,3,3,2,2,3
1164500.0,3,3,2,2,3
1165000.0,3,3,2,2,3
1165500.0,3,3,2,2,1
1166000.0,3,3,2,2,3
1166500.0,3,3,2,2,3
1167000.0,3,3,2,2,3
1167500.0,3,3,2,2,3
1168000.0,3,3,2,2,3
1168500.0,3,3,2,2,3
1169000.0,3,3,2,2,3
1169500.0,3,3,2,2,3
1170000.0,3,3,2,2,3
1170500.0,3,1,2,2,3
1171000.0,3,3,2,2,3
1171500.0,3,3,2,2,3
1172000.0,3,3,2,2,3
1172500.0,3,3,2,2,0
1173000.0,3,3,2,2,3
1173500.0,3,3,2,2,3
1174000.0,3,3,2,2,3
1174500.0,3,3,2,2,3
1175000.0,3,3,2,2,3
1175500.0,3,1,2,2,2
1176000.0,3,3,2,2,3
1176500.0,3,3,1,2,3
1177000.0,3,3,2,2,3
1177500.0,3,3,2,0,3
1178000.0,3,3,2,2,3
1178500.0,3,3,2,1,3
1179000.0,3,3,2,2,3
1179500.0,3,3,2,2,3
1180000.0,3,3,2,2,3
1180500.0,3,3,2,2,3
1181000.0,3,3,2,2,3
1181500.0,3,3,2,2,3
1182000.0,3,3,2,2,3
1182500.0,3,3,2,2,3
1183000.0,3,3,2,2,3
1183500.0,3,3,2,2,3
1184000.0,3,3,2,2,3
1184500.0,3,3,2,2,3
1185000.0,3,3,2,2,3
1185500.0,3,3,2,2,3
1186000.0,3,3,2,2,3
1186500.0,3,3,2,2,2
1187000.0,3,3,2,2,3
1187500.0,3,3,2,2,3
1188000.0,1,3,2,2,3
1188500.0,3,3,2,2,3
1189000.0,3,3,2,2,3
1189500.0,3,3,2,2,3
1190000.0,3,3,2,2,3
1190500.0,3,3,2,2,3
1191000.0,3,3,2,2,3
1191500.0,3,3,2,2,3
1192000.0,3,3,2,2,3
1192500.0,3,3,2,2,3
1193000.0,3,3,2,2,3
1193500.0,3,3,2,2,3
1194000.0,3,3,2,2,3
1194500.0,3,3,2,2,3
1195000.0,3,3,2,2,3
1195500.0,3,3,2,2,3
1196000.0,3,3,2,2,3
1196500.0,3,3,2,2,1
1197000.0,3,3,2,2,3
1197500.0,3,3,2,2,3
1198000.0,3,3,2,2,3
1198500.0,3,3,2,2,3
1199000.0,3,3,2,2,3
1199500.0,3,3,0,2,3
1200000.0,3,3,2,2,3
1200500.0,3,3,2,2,3
1201000.0,3,3,2,2,3
1201500.0,3,3,2,2,3
1202000.0,3,3,2,2,3
1202500.0,1,3,2,2,3
1203000.0,3,3,2,0,3
1203500.0,3,3,2,2,3
1204000.0,3,3,2,2,3
1204500.0,3,3,2,0,3
1205000.0,3,3,2,2,3
1205500.0,3,3,2,2,3
1206000.0,3,3,2,2,3
1206500.0,3,3,2,2,3
1207000.0,3,3,2,2,3
1207500.0,0,1,2,2,3
1208000.0,3,3,2,2,3
1208500.0,3,0,2,2,3
1209000.0,3,3,2,2,0
1209500.0,3,3,2,2,3
1210000.0,3,3,2,2,3
1210500.0,3,3,2,2,3
1211000.0,3,3,2,2,3
1211500.0,3,3,1,0,3
1212000.0,3,3,2,2,3
1212500.0,3,3,2,2,3
1213000.0,3,3,2,2,3
1213500.0,3,3,2,2,3
1214000.0,3,3,2,2,3
1214500.0,3,3,2,2,3
1215000.0,3,3,2,2,3
1215500.0,3,3,2,2,3
1216000.0,3,3,2,2,3
1216500.0,3,3,2,2,3
1217000.0,3,3,1,2,3
1217500.0,3,3,2,2,3
1218000.0,3,3,2,2,3
1218500.0,3,3,2,2,3
1219000.0,3,3,2,2,3
1219500.0,3,3,2,2,3
1220000.0,3,3,2,2,3
1220500.0,3,3,2,2,3
1221000.0,3,3,2,2,3
1221500.0,3,3,2,2,3
1222000.0,3,3,2,2,3
1222500.0,3,3,2,2,3
1223000.0,3,3,2,2,3
1223500.0,3,3,2,2,3
1224000.0,3,3,2,2,3
1224500.0,3,3,2,2,3
1225000.0,3,3,2,2,3
1225500.0,3,3,2,2,3
1226000.0,3,3,2,2,3
1226500.0,3,3,2,2,3
1227000.0,3,3,2,2,3
1227500.0,3,3,2,2,3
1228000.0,3,3,2,2,3
1228500.0,3,3,2,2,3
1229000.0,3,3,2,2,3
1229500.0,3,3,2,2,3
1230000.0,3,3,2,2,3
1230500.0,3,3,1,2,3
1231000.0,3,3,0,2,3
1231500.0,3,3,2,2,3
1232000.0,3,3,2,2,3
1232500.0,3,3,2,1,3
1233000.0,3,3,2,2,3
1233500.0,3,3,2,2,3
1234000.0,3,2,2,2,3
1234500.0,3,3,2,2,3
1235000.0,3,3,2,2,3
1235500.0,1,3,2,2,3
1236000.0,3,3,2,2,3
1236500.0,3,3,2,2,3
1237000.0,3,3,2,2,3
1237500.0,3,3,2,2,3
1238000.0,3,3,2,2,3
1238500.0,0,3,2,2,3
1239000.0,3,3,2,2,3
1239500.0,3,3,2,2,3
1240000.0,3,3,2,2,3
1240500.0,3,3,2,2,3
1241000.0,3,3,2,2,3
1241500.0,3,3,2,2,3
1242000.0,3,3,2,2,3
1242500.0,3,3,2,2,3
1243000.0,3,3,2,2,3
1243500.0,3,3,2,2,3
1244000.0,3,3,2,2,3
1244500.0,3,3,2,2,3
1245000.0,3,3,2,2,3
1245500.0,3,3,2,2,3
1246000.0,3,3,2,2,3
1246500.0,3,3,2,2,3
1247000.0,3,3,2,2,3
1247500.0,3,3,2,2,3
1248000.0,3,0,2,2,3
1248500.0,3,3,2,2,3
1249000.0,3,3,2,2,3
1249500.0,3,3,2,2,3
1250000.0,3,3,2,2,3
1250500.0,3,3,2,2,3
1251000.0,3,3,2,2,3
1251500.0,3,3,2,2,3
1252000.0,3,3,2,2,3
1252500.0,3,3,2,2,3
1253000.0,3,3,2,2,3
1253500.0,3,3,2,2,3
1254000.0,2,3,2,2,3
1254500.0,3,3,2,2,3
1255000.0,3,3,2,2,3
1255500.0,3,3,2,2,3
1256000.0,0,3,2,2,3
1256500.0,3,3,2,2,3
1257000.0,3,3,2,2,3
1257500.0,3,3,2,2,3
1258000.0,3,3,2,2,3
1258500.0,3,3,2,2,3
1259000.0,3,3,2,0,3
1259500.0,3,3,2,2,3
1260000.0,3,3,2,2,3
1260500.0,3,3,2,2,3
1261000.0,3,3,2,0,3
1261500.0,3,3,2,2,3
1262000.0,3,3,2,2,3
1262500.0,3,3,2,2,3
1263000.0,3,3,2,2,3
1263500.0,3,3,2,2,3
1264000.0,3,3,2,2,3
1264500.0,3,3,2,2,3
1265000.0,3,3,2,2,3
1265500.0,3,3,2,2,1
1266000.0,3,3,2,2,3
1266500.0,3,3,2,2,3
1267000.0,3,3,2,2,3
1267500.0,3,3,2,2,3
1268000.0,3,3,2,2,3
1268500.0,1,3,2,2,3
1269000.0,3,3,2,2,3
1269500.0,3,3,2,2,0
1270000.0,3,3,2,2,3
1270500.0,3,3,2,2,3
1271000.0,3,3,2,2,3
1271500.0,3,3,2,2,3
1272000.0,3,3,2,2,3
1272500.0,3,3,2,2,3
1273000.0,3,3,2,2,3
1273500.0,3,3,2,2,3
1274000.0,3,3,2,2,3
1274500.0,3,3,2,2,3
1275000.0,3,3,2,2,1
1275500.0,3,3,2,2,3
1276000.0,3,3,1,2,3
1276500.0,3,3,2,2,3
1277000.0,3,3,2,2,3
1277500.0,3,3,2,2,3
1278000.0,3,3,2,2,3
1278500.0,3,3,2,2,3
1279000.0,1,3,2,2,3
1279500.0,3,3,2,2,3
1280000.0,3,1,2,2,3
1280500.0,3,3,2,2,3
1281000.0,3,3,2,2,3
1281500.0,0,2,2,2,3
1282000.0,3,3,2,2,3
1282500.0,3,3,2,2,3
1283000.0,3,3,2,2,0
1283500.0,3,3,2,2,3
1284000.0,3,3,2,2,3
1284500.0,3,3,2,2,3
1285000.0,3,3,2,2,3
1285500.0,1,2,1,2,3
1286000.0,3,3,2,2,3
1286500.0,3,3,2,0,3
1287000.0,3,3,2,2,3
1287500.0,3,3,2,2,3
1288000.0,3,3,2,2,3
1288500.0,3,3,2,2,3
1289000.0,3,3,2,2,3
1289500.0,3,3,2,2,3
1290000.0,3,3,2,2,3
1290500.0,3,3,2,2,3
1291000.0,3,3,2,2,2
1291500.0,3,3,2,2,3
1292000.0,3,3,2,2,3
1292500.0,3,3,2,2,0
1293000.0,3,3,2,2,3
1293500.0,3,3,2,2,3
1294000.0,3,3,2,2,3
1294500.0,3,3,2,2,3
1295000.0,3,1,2,1,2
1295500.0,0,3,2,2,3
1296000.0,3,3,2,2,3
1296500.0,3,3,2,2,3
1297000.0,3,3,2,2,3
1297500.0,3,1,2,2,3
1298000.0,3,0,2,2,3
1298500.0,3,3,2,2,3
1299000.0,3,3,2,2,3
1299500.0,3,3,1,2,3
1300000.0,3,3,2,2,3
1300500.0,3,3,2,2,3
1301000.0,3,3,2,2,3
1301500.0,3,3,2,2,3
1302000.0,3,3,2,2,3
1302500.0,3,3,2,2,3
1303000.0,3,3,2,2,3
1303500.0,3,3,0,2,2
1304000.0,3,3,2,2,3
1304500.0,3,3,2,2,3
1305000.0,3,3,2,2,3
1305500.0,3,3,2,2,3
1306000.0,2,3,2,2,3
1306500.0,3,3,2,2,3
1307000.0,3,3,2,2,3
1307500.0,3,3,2,2,3
1308000.0,3,3,2,2,3
1308500.0,3,3,2,2,3
1309000.0,3,3,2,2,3
1309500.0,3,3,2,2,3
1310000.0,0,0,2,2,3
1310500.0,3,3,0,2,3
1311000.0,3,3,2,2,3
1311500.0,3,3,0,2,3
1312000.0,3,3,2,2,3
1312500.0,3,3,2,2,3
1313000.0,3,3,2,2,3
1313500.0,3,3,2,1,3
1314000.0,1,3,2,2,3
1314500.0,3,3,2,2,3
1315000.0,2,3,2,2,3
1315500.0,3,3,2,1,3
1316000.0,3,3,2,2,3
1316500.0,3,3,2,2,3
1317000.0,0,3,2,2,3
1317500.0,3,3,2,2,3
1318000.0,3,3,2,2,3
1318500.0,3,3,2,2,3
1319000.0,3,3,2,2,3
1319500.0,3,3,2,2,3
1320000.0,3,3,2,2,3
1320500.0,3,3,2,2,3
1321000.0,3,3,2,2,3
1321500.0,3,3,2,2,3
1322000.0,3,3,0,0,3
1322500.0,3,3,2,2,3
1323000.0,3,3,2,2,3
1323500.0,3,3,2,2,3
1324000.0,3,3,2,2,3
1324500.0,3,3,2,2,3
1325000.0,3,3,2,2,3
1325500.0,3,2,2,2,3
1326000.0,3,0,2,2,3
1326500.0,3,3,2,2,3
1327000.0,3,3,2,2,3
1327500.0,3,3,2,2,3
1328000.0,3,3,2,2,3
1328500.0,3,3,2,2,3
1329000.0,3,3,2,2,3
1329500.0,3,3,2,2,3
1330000.0,3,3,2,2,3
1330500.0,3,3,2,2,3
1331000.0,3,3,2,2,3
1331500.0,3,3,2,2,3
1332000.0,3,3,2,2,3
1332500.0,3,0,2,2,1
1333000.0,3,3,2,0,3
1333500.0,3,3,2,2,3
1334000.0,3,3,2,2,3
1334500.0,3,3,2,2,3
1335000.0,3,3,2,2,3
1335500.0,3,3,2,2,3
1336000.0,3,3,2,2,3
1336500.0,3,3,2,0,3
1337000.0,3,3,2,2,3
1337500.0,0,3,2,2,3
1338000.0,3,3,2,2,3
1338500.0,3,3,2,2,3
1339000.0,3,3,2,2,3
1339500.0,3,3,2,2,3
1340000.0,3,3,2,2,3
1340500.0,3,3,2,2,3
1341000.0,3,3,2,2,3
1341500.0,3,3,2,2,3
1342000.0,3,3,2,2,3
1342500.0,3,3,2,2,3
1343000.0,3,3,2,2,2
1343500.0,3,3,2,2,3
1344000.0,3,3,2,2,3
1344500.0,3,3,2,2,3
1345000.0,3,3,2,2,3
1345500.0,3,3,2,2,3
1346000.0,3,3,2,2,3
1346500.0,3,3,2,2,3
1347000.0,3,3,2,2,3
1347500.0,3,3,2,2,3
1348000.0,3,2,2,2,3
1348500.0,3,3,1,2,3
1349000.0,3,0,2,2,3
1349500.0,3,3,2,2,3
1350000.0,3,3,2,2,3
1350500.0,3,3,2,2,3
1351000.0,3,3,2,2,3
1351500.0,3,3,2,2,3
1352000.0,3,3,2,2,3
1352500.0,3,3,0,2,3
1353000.0,3,3,2,2,3
1353500.0,3,3,2,2,3
1354000.0,3,3,2,2,3
1354500.0,2,3,2,2,3
1355000.0,3,3,2,2,3
1355500.0,3,3,2,2,3
1356000.0,3,3,2,2,3
1356500.0,3,3,2,2,3
1357000.0,3,3,2,2,3
1357500.0,3,3,2,2,3
1358000.0,3,3,2,2,3
1358500.0,3,3,2,2,3
1359000.0,3,3,2,2,0
1359500.0,3,3,2,2,3
1360000.0,3,3,2,2,3
1360500.0,3,3,2,0,3
1361000.0,3,3,2,2,0
1361500.0,3,3,2,2,3
1362000.0,3,3,2,2,3
1362500.0,3,3,2,2,3
1363000.0,3,3,2,2,3
1363500.0,3,3,2,2,3
1364000.0,3,3,2,2,3
1364500.0,3,3,2,2,3
1365000.0,3,3,2,2,3
1365500.0,3,3,2,2,3
1366000.0,3,3,2,2,3
1366500.0,1,3,2,2,3
1367000.0,3,3,2,0,3
1367500.0,3,3,2,2,3
1368000.0,3,3,2,2,3
1368500.0,3,3,0,2,3
1369000.0,3,3,2,2,3
1369500.0,3,3,2,2,3
1370000.0,3,3,2,2,3
1370500.0,2,3,2,2,3
1371000.0,3,3,2,2,3
1371500.0,3,3,2,2,3
1372000.0,3,3,2,2,3
1372500.0,3,3,2,2,3
1373000.0,3,3,2,2,3
1373500.0,3,3,2,2,3
1374000.0,3,3,2,2,3
1374500.0,3,3,2,2,3
1375000.0,3,3,2,2,3
1375500.0,3,3,2,2,3
1376000.0,3,3,2,2,3
1376500.0,3,3,2,2,3
1377000.0,3,3,2,2,3
1377500.0,3,3,2,2,3
1378000.0,3,3,2,2,3
1378500.0,3,3,0,2,3
1379000.0,3,3,2,2,3
1379500.0,3,2,2,1,3
1380000.0,3,3,2,2,3
1380500.0,3,3,2,2,3
1381000.0,3,3,2,2,3
1381500.0,3,3,2,2,3
1382000.0,3,3,2,2,1
1382500.0,3,3,2,2,3
1383000.0,1,3,2,2,3
1383500.0,3,3,2,2,3
1384000.0,3,3,2,2,3
1384500.0,3,3,2,2,3
1385000.0,3,3,2,2,3
1385500.0,2,3,2,2,3
1386000.0,3,3,2,2,3
1386500.0,3,3,2,2,3
1387000.0,3,3,2,2,3
1387500.0,3,3,2,2,3
1388000.0,3,3,2,2,3
1388500.0,3,3,2,2,3
1389000.0,3,3,2,2,3
1389500.0,3,3,2,2,3
1390000.0,3,3,2,2,3
1390500.0,3,3,2,2,3
1391000.0,0,3,2,2,3
1391500.0,3,3,2,2,3
1392000.0,3,3,2,2,3
1392500.0,3,3,2,2,3
1393000.0,3,3,2,2,3
1393500.0,3,3,1,2,3
1394000.0,3,3,2,2,3
1394500.0,3,3,2,2,3
1395000.0,3,3,2,2,3
1395500.0,3,3,2,2,3
1396000.0,3,3,2,2,3
1396500.0,3,3,2,2,3
1397000.0,3,3,2,2,3
1397500.0,3,3,2,2,3
1398000.0,3,3,2,0,3
1398500.0,3,3,2,2,3
1399000.0,3,0,2,2,3
1399500.0,3,3,2,2,3
1400000.0,3,3,2,2,3
1400500.0,3,3,2,2,3
1401000.0,3,3,2,2,3
1401500.0,3,3,2,2,3
1402000.0,3,3,2,2,3
1402500.0,3,3,2,2,3
1403000.0,3,3,2,2,3
1403500.0,3,3,2,2,3
1404000.0,3,3,2,2,3
1404500.0,3,3,2,2,3
1405000.0,3,3,2,2,3
1405500.0,3,3,2,2,3
1406000.0,3,3,1,2,3
1406500.0,3,3,2,2,3
1407000.0,3,3,2,2,3
1407500.0,3,3,2,2,3
1408000.0,3,3,2,2,3
1408500.0,3,3,2,2,3
1409000.0,3,3,2,2,3
1409500.0,3,3,2,2,3
1410000.0,3,3,2,2,3
1410500.0,3,3,2,2,3
1411000.0,3,3,2,2,3
1411500.0,3,3,2,2,3
1412000.0,3,3,2,2,3
1412500.0,3,3,2,2,3
1413000.0,3,3,2,2,3
1413500.0,3,3,2,0,3
1414000.0,3,3,2,2,3
1414500.0,3,3,2,2,3
1415000.0,3,3,0,2,3
1415500.0,3,3,2,2,3
1416000.0,0,3,2,2,0
1416500.0,3,3,2,2,3
1417000.0,3,3,2,2,3
1417500.0,3,3,2,2,3
1418000.0,3,3,2,2,3
1418500.0,3,3,2,2,3
1419000.0,3,3,2,2,3
1419500.0,3,3,2,2,3
1420000.0,3,3,2,2,3
1420500.0,3,3,2,2,3
1421000.0,3,3,2,2,3
1421500.0,3,3,0,0,3
1422000.0,3,3,2,2,3
1422500.0,3,3,2,2,3
1423000.0,3,3,1,2,3
1423500.0,3,3,2,2,1
1424000.0,3,3,2,2,3
1424500.0,3,3,2,2,3
1425000.0,0,3,2,2,3
1425500.0,3,3,2,2,3
1426000.0,3,3,2,2,0
1426500.0,3,3,2,2,3
1427000.0,3,3,2,2,3
1427500.0,3,3,2,2,3
1428000.0,0,0,2,2,3
1428500.0,3,3,2,2,1
1429000.0,3,3,2,2,3
1429500.0,3,3,2,2,3
1430000.0,3,3,2,2,3
1430500.0,3,3,2,2,3
1431000.0,3,3,2,2,3
1431500.0,3,3,2,2,3
1432000.0,1,3,2,2,0
1432500.0,3,3,2,2,3
1433000.0,3,2,2,2,3
1433500.0,3,3,0,2,3
1434000.0,3,3,2,2,3
1434500.0,3,3,2,2,3
1435000.0,3,3,2,2,3
1435500.0,3,3,2,2,3
1436000.0,3,3,2,2,3
1436500.0,3,3,2,2,3
1437000.0,3,3,2,0,3
1437500.0,3,3,2,2,3
1438000.0,1,2,2,2,3
1438500.0,3,3,2,2,3
1439000.0,3,3,2,2,3
1439500.0,3,3,2,2,3
1440000.0,3,3,2,2,2
1440500.0,3,0,2,0,3
1441000.0,3,3,0,2,3
1441500.0,3,3,2,2,3
1442000.0,3,3,2,2,3
1442500.0,3,3,2,2,3
1443000.0,3,3,2,2,3
1443500.0,3,3,2,2,3
1444000.0,3,3,2,2,3
1444500.0,0,3,2,2,3
1445000.0,3,3,2,2,3
1445500.0,3,3,2,2,0
1446000.0,3,3,2,2,3
1446500.0,3,3,2,2,3
1447000.0,3,3,2,2,3
1447500.0,3,3,2,2,3
1448000.0,3,3,2,2,3
1448500.0,3,3,2,2,3
1449000.0,3,3,2,2,3
1449500.0,3,3,2,2,3
1450000.0,3,3,2,2,3
1450500.0,3,3,2,2,3
1451000.0,3,3,2,2,3
1451500.0,3,3,2,2,3
1452000.0,3,1,2,2,3
1452500.0,3,3,2,2,3
1453000.0,3,3,2,2,3
1453500.0,3,3,2,2,3
1454000.0,3,3,2,2,3
1454500.0,0,3,2,2,3
1455000.0,3,3,2,2,3
1455500.0,3,3,2,2,3
1456000.0,3,3,0,2,3
1456500.0,3,3,2,2,3
1457000.0,3,3,2,2,3
1457500.0,3,3,2,2,3
1458000.0,3,3,2,2,3
1458500.0,3,3,2,2,3
1459000.0,3,3,2,2,3
1459500.0,3,3,2,2,1
1460000.0,3,3,2,2,3
1460500.0,3,3,2,2,3
1461000.0,3,3,2,2,3
1461500.0,3,3,2,2,3
1462000.0,3,3,2,2,3
1462500.0,3,3,2,2,3
1463000.0,3,3,2,2,3
1463500.0,3,3,2,2,2
1464000.0,3,3,2,2,3
1464500.0,3,3,1,1,3
1465000.0,3,3,2,2,3
1465500.0,3,3,2,2,3
1466000.0,3,3,2,2,3
1466500.0,3,3,2,2,3
1467000.0,3,3,2,2,3
1467500.0,3,3,2,2,3
1468000.0,3,3,2,2,3
1468500.0,3,3,1,1,3
1469000.0,3,3,2,2,3
1469500.0,3,3,2,2,0
1470000.0,3,3,2,2,3
1470500.0,3,3,2,2,3
1471000.0,0,3,2,2,3
1471500.0,3,1,0,2,3
1472000.0,3,3,2,2,3
1472500.0,3,3,2,2,3
1473000.0,3,3,2,2,3
1473500.0,3,3,2,2,3
1474000.0,2,3,2,2,3
1474500.0,3,3,2,2,3
1475000.0,3,3,1,2,3
1475500.0,3,3,2,2,3
1476000.0,3,3,2,2,3
1476500.0,3,3,2,2,3
1477000.0,3,3,2,2,3
1477500.0,3,3,2,2,3
1478000.0,3,3,2,2,3
1478500.0,3,3,2,2,3
1479000.0,3,3,2,2,3
1479500.0,3,3,2,2,3
1480000.0,3,3,2,2,3
1480500.0,3,3,2,2,3
1481000.0,3,3,2,2,3
1481500.0,3,3,2,2,3
1482000.0,3,3,2,2,3
1482500.0,2,3,2,2,3
1483000.0,3,3,2,2,3
1483500.0,3,3,2,2,3
1484000.0,2,3,2,2,3
1484500.0,3,3,2,2,3
1485000.0,3,3,2,2,3
1485500.0,3,3,2,2,3
1486000.0,3,3,2,2,3
1486500.0,3,3,2,2,3
1487000.0,3,3,2,2,3
1487500.0,3,3,2,2,3
1488000.0,3,3,2,2,3
1488500.0,3,3,2,2,3
1489000.0,3,3,2,2,3
1489500.0,3,3,2,2,3
1490000.0,3,3,2,2,3
1490500.0,3,3,2,2,3
1491000.0,3,3,2,2,3
1491500.0,3,3,2,2,3
1492000.0,3,3,2,2,0
1492500.0,3,3,2,2,3
1493000.0,3,3,2,2,3
1493500.0,3,3,2,2,3
1494000.0,3,3,2,2,1
1494500.0,3,3,2,2,3
1495000.0,3,3,2,2,3
1495500.0,1,3,2,2,1
1496000.0,3,3,2,2,3
1496500.0,3,3,2,2,3
1497000.0,3,3,2,2,3
1497500.0,3,3,2,2,3
1498000.0,3,3,2,2,3
1498500.0,3,3,2,2,3
1499000.0,3,3,2,2,3
1499500.0,3,3,2,2,3
1500000.0,3,3,1,2,3
1500500.0,3,3,2,2,3
1501000.0,3,3,2,2,3
1501500.0,3,3,2,2,3
1502000.0,3,3,2,2,3
1502500.0,3,3,2,2,3
1503000.0,3,3,2,2,1
1503500.0,3,3,2,2,3
1504000.0,3,3,2,2,3
1504500.0,3,3,2,2,3
1505000.0,3,3,2,2,3
1505500.0,3,3,2,2,3
1506000.0,3,3,2,2,3
1506500.0,3,3,2,2,3
1507000.0,3,3,2,2,2
1507500.0,3,3,2,2,3
1508000.0,3,3,2,2,3
1508500.0,3,3,0,2,3
1509000.0,3,3,2,2,3
1509500.0,3,3,2,2,3
1510000.0,3,3,2,2,3
1510500.0,3,3,2,2,3
1511000.0,3,3,2,2,3
1511500.0,3,3,2,2,3
1512000.0,3,3,2,2,3
1512500.0,0,3,2,2,3
1513000.0,3,2,2,2,3
1513500.0,3,3,2,2,3
1514000.0,3,3,2,2,3
1514500.0,3,3,2,2,3
1515000.0,2,0,2,2,3
1515500.0,3,3,2,2,3
1516000.0,3,3,2,2,3
1516500.0,3,3,2,2,3
1517000.0,3,3,1,2,3
1517500.0,3,3,2,2,3
1518000.0,3,3,2,2,0
1518500.0,3,3,2,2,3
1519000.0,3,3,2,2,3
1519500.0,3,3,2,2,3
1520000.0,0,3,2,2,3
1520500.0,3,3,2,2,3
1521000.0,3,3,2,2,3
1521500.0,3,3,2,2,3
1522000.0,3,2,2,2,0
1522500.0,3,3,2,2,3
1523000.0,1,3,2,2,3
1523500.0,3,3,2,2,3
1524000.0,3,3,1,2,3
1524500.0,3,3,2,2,3
1525000.0,3,3,2,2,3
1525500.0,3,3,2,2,3
1526000.0,3,3,2,2,3
1526500.0,3,3,2,2,3
1527000.0,3,3,1,2,3
1527500.0,3,3,2,2,3
1528000.0,3,3,1,2,3
1528500.0,3,3,2,2,3
1529000.0,3,1,2,2,2
1529500.0,0,2,2,2,3
1530000.0,3,3,2,2,3
1530500.0,3,3,2,2,3
1531000.0,3,3,2,2,3
1531500.0,3,3,2,0,3
1532000.0,3,3,2,2,3
1532500.0,3,3,2,2,3
1533000.0,3,3,2,2,3
1533500.0,3,3,2,2,3
1534000.0,3,1,2,2,3
1534500.0,3,1,2,2,3
1535000.0,3,3,2,2,3
1535500.0,3,3,2,2,3
1536000.0,3,3,2,2,0
1536500.0,3,3,2,2,3
1537000.0,3,3,2,2,3
1537500.0,3,3,2,2,3
1538000.0,3,3,2,2,3
1538500.0,3,3,2,2,3
1539000.0,3,3,2,2,3
1539500.0,3,3,2,2,3
1540000.0,3,3,2,2,1
1540500.0,3,3,2,2,3
1541000.0,1,1,2,2,0
1541500.0,3,3,1,0,3
1542000.0,3,3,2,2,3
1542500.0,3,3,2,2,3
1543000.0,3,3,2,2,3
1543500.0,3,3,2,2,3
1544000.0,3,3,2,2,3
1544500.0,3,1,2,2,3
1545000.0,3,3,2,2,3
1545500.0,3,3,2,2,3
1546000.0,3,3,2,2,3
1546500.0,3,3,2,2,0
1547000.0,3,3,2,2,3
1547500.0,3,3,2,2,3
1548000.0,3,3,2,2,3
1548500.0,0,3,2,2,3
1549000.0,3,3,2,2,3
1549500.0,3,3,2,2,3
1550000.0,3,3,2,2,3
1550500.0,3,3,2,2,3
1551000.0,3,3,2,2,3
1551500.0,3,1,2,2,0
1552000.0,3,3,2,2,3
1552500.0,3,3,2,2,3
1553000.0,3,3,2,2,3
1553500.0,3,3,2,2,3
1554000.0,3,3,2,2,3
1554500.0,3,3,2,2,3
1555000.0,3,3,2,2,3
1555500.0,3,3,2,2,3
1556000.0,3,3,2,2,3
1556500.0,3,3,2,2,3
1557000.0,3,3,2,2,3
1557500.0,3,3,2,2,3
1558000.0,3,3,2,2,3
1558500.0,3,3,2,2,3
1559000.0,3,3,2,2,3
1559500.0,3,3,2,2,3
1560000.0,3,3,2,2,3
1560500.0,3,3,2,2,3
1561000.0,3,3,2,0,3
1561500.0,3,3,1,2,3
1562000.0,3,3,2,2,3
1562500.0,3,3,2,2,3
1563000.0,3,3,0,0,3
1563500.0,3,3,2,2,3
1564000.0,3,3,2,2,3
1564500.0,1,3,2,2,3
1565000.0,3,3,2,2,3
1565500.0,3,3,2,2,3
1566000.0,3,3,2,2,3
1566500.0,3,3,2,2,0
1567000.0,3,3,2,2,3
1567500.0,3,3,2,2,3
1568000.0,3,0,2,2,3
1568500.0,3,3,2,2,3
1569000.0,3,3,2,2,3
1569500.0,3,3,2,2,3
1570000.0,3,3,2,2,3
1570500.0,3,1,2,2,3
1571000.0,3,3,2,2,3
1571500.0,3,3,2,2,3
1572000.0,3,3,2,2,3
1572500.0,3,0,2,2,3
1573000.0,3,3,2,2,3
1573500.0,3,3,2,2,3
1574000.0,3,3,2,2,3
1574500.0,1,3,2,2,3
1575000.0,3,3,2,2,3
1575500.0,3,3,1,2,3
1576000.0,3,3,2,2,3
1576500.0,3,3,2,2,3
1577000.0,3,3,2,2,3
1577500.0,3,3,2,2,3
1578000.0,3,3,2,2,3
1578500.0,3,3,2,2,3
1579000.0,3,3,2,2,3
1579500.0,3,3,2,2,3
1580000.0,3,3,2,2,3
1580500.0,3,3,2,2,3
1581000.0,3,3,1,2,3
1581500.0,3,3,2,2,3
1582000.0,3,3,2,2,1
1582500.0,3,3,2,2,3
1583000.0,3,2,2,2,3
1583500.0,3,3,2,2,3
1584000.0,3,3,2,2,3
1584500.0,3,3,2,2,3
1585000.0,3,3,2,2,3
1585500.0,3,3,2,2,3
1586000.0,3,3,2,2,3
1586500.0,3,3,2,2,3
1587000.0,3,3,2,2,3
1587500.0,3,3,2,2,3
1588000.0,3,3,2,2,3
1588500.0,3,3,2,2,3
1589000.0,3,3,2,2,3
1589500.0,3,3,2,2,3
1590000.0,3,3,2,2,3
1590500.0,3,3,2,2,3
1591000.0,3,3,2,2,3
1591500.0,3,3,2,2,3
1592000.0,3,3,2,2,3
1592500.0,3,3,2,2,3
1593000.0,3,3,2,0,3
1593500.0,3,3,2,2,3
1594000.0,3,3,2,2,3
1594500.0,3,3,2,2,3
1595000.0,2,3,2,2,3
1595500.0,3,3,2,2,3
1596000.0,3,3,2,2,3
1596500.0,3,3,2,2,3
1597000.0,3,3,2,2,3
1597500.0,3,3,2,2,3
1598000.0,3,3,2,2,3
1598500.0,3,3,2,2,3
1599000.0,3,3,2,2,3
1599500.0,3,3,2,2,3
1600000.0,3,3,1,2,3
1600500.0,3,3,2,2,3
1601000.0,3,3,2,2,3
1601500.0,3,3,2,2,3
1602000.0,3,2,2,2,3
1602500.0,3,3,2,2,3
1603000.0,3,3,2,2,3
1603500.0,3,3,2,2,3
1604000.0,3,3,1,2,3
1604500.0,3,3,2,2,3
1605000.0,3,3,2,2,3
1605500.0,3,3,1,2,3
1606000.0,3,3,2,2,1
1606500.0,3,3,1,2,3
1607000.0,3,3,2,2,0
1607500.0,3,3,2,2,3
1608000.0,3,3,2,2,3
1608500.0,3,3,2,2,3
1609000.0,1,3,2,2,3
1609500.0,3,3,2,2,3
1610000.0,3,3,2,2,3
1610500.0,3,3,2,2,3
1611000.0,3,3,0,2,3
1611500.0,1,3,2,2,2
1612000.0,3,3,2,2,3
1612500.0,3,3,2,2,3
1613000.0,3,1,2,2,3
1613500.0,3,3,2,2,3
1614000.0,3,3,2,2,3
1614500.0,3,3,2,2,3
1615000.0,3,3,2,2,3
1615500.0,3,3,2,2,3
1616000.0,3,3,2,2,3
1616500.0,3,3,2,2,3
1617000.0,3,3,2,2,3
1617500.0,3,3,2,2,3
1618000.0,3,3,2,2,3
1618500.0,0,3,2,2,1
1619000.0,3,3,2,2,3
1619500.0,3,3,2,2,3
1620000.0,3,3,2,2,3
1620500.0,3,3,2,2,3
1621000.0,3,3,2,2,3
1621500.0,3,3,2,2,3
1622000.0,3,3,2,2,3
1622500.0,3,3,2,2,3
1623000.0,3,3,2,2,3
1623500.0,3,3,2,2,3
1624000.0,3,3,0,2,3
1624500.0,3,3,2,2,3
1625000.0,3,3,2,2,3
1625500.0,3,3,1,2,3
1626000.0,3,3,2,2,3
1626500.0,3,3,2,2,3
1627000.0,3,3,2,2,3
1627500.0,3,3,2,2,3
1628000.0,3,3,2,0,3
1628500.0,3,3,2,2,3
1629000.0,3,3,2,2,3
1629500.0,3,3,2,2,3
1630000.0,3,3,2,2,3
1630500.0,3,3,2,2,3
1631000.0,1,3,2,2,3
1631500.0,3,3,2,2,3
1632000.0,3,3,2,2,3
1632500.0,3,3,2,2,3
1633000.0,3,3,2,2,3
1633500.0,3,3,1,2,3
1634000.0,3,3,2,2,3
1634500.0,3,3,2,2,3
1635000.0,1,2,2,2,3
1635500.0,3,3,2,2,3
1636000.0,3,3,2,2,3
1636500.0,3,3,2,2,3
1637000.0,3,1,2,2,3
1637500.0,3,3,2,2,3
1638000.0,3,3,2,2,3
1638500.0,3,3,2,2,2
1639000.0,3,3,2,2,3
1639500.0,3,3,2,2,3
1640000.0,3,3,2,2,3
1640500.0,3,3,2,2,3
1641000.0,3,3,2,2,3
1641500.0,3,3,2,2,3
1642000.0,3,3,2,2,3
1642500.0,3,3,2,2,3
1643000.0,3,2,2,2,3
1643500.0,3,3,2,2,3
1644000.0,3,3,0,2,3
1644500.0,3,3,2,2,3
1645000.0,3,3,2,2,3
1645500.0,3,3,2,2,3
1646000.0,3,3,2,2,3
1646500.0,1,3,2,2,3
1647000.0,3,3,2,2,3
1647500.0,3,3,2,2,3
1648000.0,1,3,2,2,3
1648500.0,3,0,2,2,3
1649000.0,3,3,2,2,3
1649500.0,3,3,2,2,3
1650000.0,3,3,2,2,3
1650500.0,3,3,2,2,3
1651000.0,3,3,2,2,3
1651500.0,3,3,2,2,3
1652000.0,3,3,2,2,3
1652500.0,3,3,2,2,3
1653000.0,3,3,2,2,3
1653500.0,3,3,2,2,3
1654000.0,3,3,2,2,3
1654500.0,3,3,2,2,3
1655000.0,2,1,2,2,3
1655500.0,3,3,2,2,3
1656000.0,2,3,2,2,3
1656500.0,3,3,2,2,3
1657000.0,3,3,1,2,3
1657500.0,2,3,2,2,3
1658000.0,3,3,2,2,3
1658500.0,3,3,2,2,3
1659000.0,3,3,2,2,3
1659500.0,3,3,2,2,3
1660000.0,2,3,2,2,3
1660500.0,3,3,2,2,0
1661000.0,3,3,2,2,3
1661500.0,3,3,2,2,3
1662000.0,3,3,2,2,3
1662500.0,3,3,2,2,3
1663000.0,3,3,2,2,3
1663500.0,3,3,2,2,3
1664000.0,3,3,2,2,3
1664500.0,3,3,2,2,3
1665000.0,3,3,2,2,0
1665500.0,3,3,2,2,3
1666000.0,3,3,2,2,3
1666500.0,1,3,2,2,0
1667000.0,3,3,2,2,3
1667500.0,3,3,2,2,3
1668000.0,3,3,2,2,3
1668500.0,3,3,2,2,3
1669000.0,3,3,2,2,3
1669500.0,3,3,2,2,3
1670000.0,3,3,2,2,3
1670500.0,3,3,2,2,3
1671000.0,3,3,2,2,3
1671500.0,3,3,2,2,3
1672000.0,3,3,2,2,3
1672500.0,3,3,2,2,3
1673000.0,3,3,2,2,3
1673500.0,3,3,2,2,3
1674000.0,3,3,2,2,3
1674500.0,3,3,2,2,3
1675000.0,3,3,2,2,3
1675500.0,3,3,2,2,3
1676000.0,3,3,2,2,3
1676500.0,2,1,2,2,3
1677000.0,3,3,2,2,3
1677500.0,3,3,2,2,3
1678000.0,3,3,2,2,3
1678500.0,3,3,2,2,3
1679000.0,3,3,2,2,3
1679500.0,3,3,2,0,3
1680000.0,3,3,2,2,3
1680500.0,3,3,2,2,3
1681000.0,3,3,2,2,3
1681500.0,3,3,2,2,3
1682000.0,3,3,2,2,3
1682500.0,3,3,2,2,3
1683000.0,3,3,2,2,3
1683500.0,3,3,2,2,3
1684000.0,3,3,1,2,3
1684500.0,3,3,2,2,3
1685000.0,0,3,2,2,3
1685500.0,3,3,2,2,3
1686000.0,3,3,2,2,3
1686500.0,3,3,2,2,3
1687000.0,2,1,2,2,3
1687500.0,3,3,2,2,3
1688000.0,3,3,2,2,3
1688500.0,1,3,2,2,3
1689000.0,3,3,2,2,3
1689500.0,2,3,2,2,3
1690000.0,3,3,2,2,3
1690500.0,3,3,2,2,3
1691000.0,1,1,1,2,3
1691500.0,3,3,2,2,3
1692000.0,3,3,2,2,3
1692500.0,3,3,2,2,3
1693000.0,3,3,2,2,3
1693500.0,3,3,2,2,3
1694000.0,3,3,2,2,3
1694500.0,3,3,2,2,3
1695000.0,3,3,2,2,3
1695500.0,3,3,2,2,3
1696000.0,3,3,2,2,3
1696500.0,3,3,2,2,3
1697000.0,3,3,2,2,3
1697500.0,3,3,2,2,3
1698000.0,3,3,2,2,3
1698500.0,3,3,2,2,3
1699000.0,3,3,2,2,3
1699500.0,3,3,2,2,3
1700000.0,3,3,2,2,3
1700500.0,1,3,2,2,3
1701000.0,3,3,2,2,3
1701500.0,3,3,2,2,3
1702000.0,3,3,2,2,3
1702500.0,3,3,2,2,3
1703000.0,3,3,2,2,3
1703500.0,3,3,2,2,3
1704000.0,3,3,2,2,3
1704500.0,3,3,2,2,3
1705000.0,3,3,2,2,3
1705500.0,3,3,2,2,3
1706000.0,3,3,2,2,3
1706500.0,3,3,2,2,3
1707000.0,3,3,2,2,3
1707500.0,3,3,2,2,3
1708000.0,3,3,2,2,3
1708500.0,3,1,2,2,3
1709000.0,3,3,2,2,3
1709500.0,3,3,2,2,3
1710000.0,3,3,2,2,3
1710500.0,3,3,2,2,3
1711000.0,3,3,2,2,3
1711500.0,3,3,2,2,3
1712000.0,3,3,2,2,3
1712500.0,3,3,2,2,3
1713000.0,3,2,2,2,3
1713500.0,3,3,2,2,3
1714000.0,3,3,2,2,3
1714500.0,3,3,2,2,3
1715000.0,3,3,2,2,3
1715500.0,3,3,2,2,3
1716000.0,3,3,0,2,3
1716500.0,3,3,2,2,3
1717000.0,3,3,1,2,3
1717500.0,3,2,2,2,3
1718000.0,3,3,2,2,3
1718500.0,3,3,2,2,3
1719000.0,3,3,1,2,3
1719500.0,3,3,2,2,3
1720000.0,0,2,2,2,3
1720500.0,3,3,2,2,3
1721000.0,3,3,2,2,3
1721500.0,3,3,2,2,3
1722000.0,0,3,2,2,3
1722500.0,3,3,2,2,3
1723000.0,3,3,2,2,3
1723500.0,3,3,2,2,3
1724000.0,3,3,2,2,3
1724500.0,3,3,2,2,0
1725000.0,3,2,2,2,3
1725500.0,3,3,2,2,3
1726000.0,3,3,2,2,3
1726500.0,3,3,2,2,3
1727000.0,3,3,1,2,3
1727500.0,3,3,2,2,3
1728000.0,3,3,2,2,3
1728500.0,3,3,2,2,3
1729000.0,3,2,2,2,3
1729500.0,3,3,2,2,3
1730000.0,3,3,1,2,3
1730500.0,3,3,2,2,3
1731000.0,3,3,2,2,3
1731500.0,3,3,2,2,3
1732000.0,3,3,2,2,3
1732500.0,3,3,2,2,3
1733000.0,3,3,2,2,3
1733500.0,3,3,2,2,3
1734000.0,3,3,2,2,3
1734500.0,3,3,2,2,1
1735000.0,3,3,1,2,3
1735500.0,3,3,2,2,3
1736000.0,3,3,2,2,3
1736500.0,3,3,2,2,3
1737000.0,3,3,2,2,3
1737500.0,3,3,2,2,3
1738000.0,3,3,2,2,3
1738500.0,3,3,2,2,3
1739000.0,3,1,2,2,3
1739500.0,3,3,2,2,3
1740000.0,3,3,2,2,3
1740500.0,0,3,2,2,3
1741000.0,3,3,2,2,3
1741500.0,3,3,2,2,3
1742000.0,3,3,2,2,3
1742500.0,3,3,2,2,1
1743000.0,3,3,2,2,3
1743500.0,3,3,2,2,3
1744000.0,3,2,2,2,3
1744500.0,3,3,2,2,3
1745000.0,3,3,2,2,3
1745500.0,3,3,2,2,3
1746000.0,3,3,2,2,3
1746500.0,3,3,2,2,3
1747000.0,3,3,0,2,3
1747500.0,3,3,2,2,3
1748000.0,3,3,2,2,3
1748500.0,3,3,2,2,1
1749000.0,3,3,2,2,3
1749500.0,3,3,2,2,3
1750000.0,3,3,2,2,3
1750500.0,3,3,2,2,3
1751000.0,3,3,1,2,3
1751500.0,3,3,2,2,3
1752000.0,3,3,2,2,3
1752500.0,3,3,2,2,3
1753000.0,3,3,0,2,3
1753500.0,3,3,2,2,3
1754000.0,3,3,2,2,3
1754500.0,3,3,2,2,3
1755000.0,3,3,2,2,3
1755500.0,3,3,1,2,3
1756000.0,3,3,2,2,3
1756500.0,3,1,2,2,3
1757000.0,3,3,2,2,3
1757500.0,3,3,2,2,3
1758000.0,3,3,2,2,3
1758500.0,3,3,2,2,3
1759000.0,3,3,2,2,3
1759500.0,3,3,2,2,3
1760000.0,3,3,2,2,3
1760500.0,3,3,2,2,3
1761000.0,3,3,2,2,3
1761500.0,3,3,2,2,3
1762000.0,3,3,2,2,3
1762500.0,3,3,2,2,3
1763000.0,3,3,2,2,3
1763500.0,3,3,2,2,3
1764000.0,3,3,2,2,3
1764500.0,3,3,2,2,3
1765000.0,3,3,2,2,3
1765500.0,3,2,1,2,3
1766000.0,3,3,0,2,3
1766500.0,3,3,2,2,3
1767000.0,3,3,2,2,3
1767500.0,3,3,2,2,3
1768000.0,3,3,2,2,3
1768500.0,3,3,2,2,3
1769000.0,3,3,2,2,3
1769500.0,3,3,2,2,3
1770000.0,3,3,2,2,3
1770500.0,3,3,1,2,3
1771000.0,3,3,2,2,3
1771500.0,3,3,2,2,3
1772000.0,3,3,2,2,3
1772500.0,3,3,0,2,3
1773000.0,3,3,2,2,3
1773500.0,3,2,2,2,3
1774000.0,3,3,2,2,3
1774500.0,3,3,2,2,3
1775000.0,3,3,2,2,3
1775500.0,3,3,2,2,3
1776000.0,3,3,2,2,3
1776500.0,3,3,2,2,3
1777000.0,3,3,2,2,3
1777500.0,3,3,2,2,3
1778000.0,3,3,2,2,3
1778500.0,3,3,2,2,3
1779000.0,3,3,2,2,3
1779500.0,3,3,2,2,1
1780000.0,3,3,2,2,3
1780500.0,3,3,2,2,3
1781000.0,3,3,0,2,3
1781500.0,3,3,2,2,3
1782000.0,3,3,2,2,3
1782500.0,3,3,2,2,3
1783000.0,3,3,2,2,3
1783500.0,3,3,2,2,3
1784000.0,3,3,2,2,2
1784500.0,3,3,2,2,3
1785000.0,3,3,2,0,3
1785500.0,3,3,2,2,3
1786000.0,3,3,2,2,3
1786500.0,3,3,2,2,3
1787000.0,3,3,2,2,3
1787500.0,1,3,2,2,3
1788000.0,3,3,2,2,3
1788500.0,3,3,1,2,3
1789000.0,3,3,2,2,3
1789500.0,3,3,2,2,3
1790000.0,3,3,2,2,3
1790500.0,3,3,2,2,3
1791000.0,3,3,2,2,1
1791500.0,3,3,2,2,3
1792000.0,3,3,2,1,3
1792500.0,3,3,2,2,3
1793000.0,3,3,2,2,3
1793500.0,3,3,2,2,3
1794000.0,3,3,2,2,3
1794500.0,3,3,2,2,3
1795000.0,3,3,2,2,3
1795500.0,3,3,2,2,3
1796000.0,3,3,2,2,3
1796500.0,3,3,2,2,3
1797000.0,3,3,2,0,3
1797500.0,3,3,2,2,3
1798000.0,3,3,2,2,3
1798500.0,3,3,2,2,3
1799000.0,3,3,2,2,3
1799500.0,3,3,2,2,3
1800000.0,3,3,2,2,3
1800500.0,3,3,2,2,3
1801000.0,3,3,2,2,3
1801500.0,3,3,2,2,3
1802000.0,3,3,2,2,3
1802500.0,3,3,2,2,3
1803000.0,3,3,2,2,3
1803500.0,3,3,2,2,1
1804000.0,3,3,2,2,1
1804500.0,1,3,2,2,3
1805000.0,3,3,2,2,3
1805500.0,3,3,2,2,3
1806000.0,3,3,2,2,3
1806500.0,2,3,2,2,3
1807000.0,3,3,2,2,3
1807500.0,3,3,2,2,3
1808000.0,3,3,2,2,3
1808500.0,3,3,2,2,1
1809000.0,3,3,2,2,3
1809500.0,3,3,2,2,3
1810000.0,3,3,2,2,3
1810500.0,3,3,2,2,3
1811000.0,3,3,2,2,3
1811500.0,3,3,2,2,1
1812000.0,3,3,2,2,3
1812500.0,3,3,2,2,3
1813000.0,3,3,2,2,3
1813500.0,3,3,2,2,3
1814000.0,3,3,2,2,3
1814500.0,3,3,2,0,3
1815000.0,0,3,2,2,3
1815500.0,3,3,2,2,3
1816000.0,3,3,2,2,3
1816500.0,2,1,2,2,3
1817000.0,3,3,2,2,3
1817500.0,3,3,1,2,3
1818000.0,3,3,2,2,3
1818500.0,3,3,2,2,3
1819000.0,3,3,2,2,3
1819500.0,3,3,2,2,3
1820000.0,3,3,2,2,3
1820500.0,3,3,2,2,3
1821000.0,3,3,2,2,3
1821500.0,3,3,2,2,3
1822000.0,2,1,1,2,3
1822500.0,3,3,2,2,1
1823000.0,3,0,2,2,3
1823500.0,3,3,2,2,3
1824000.0,3,3,2,2,3
1824500.0,3,3,2,2,3
1825000.0,3,3,2,2,3
1825500.0,3,0,2,2,3
1826000.0,3,3,2,2,3
1826500.0,3,3,2,2,3
1827000.0,3,3,2,2,3
1827500.0,3,3,2,2,1
1828000.0,3,3,2,2,3
1828500.0,3,3,2,2,3
1829000.0,3,3,0,2,3
1829500.0,3,3,2,2,3
1830000.0,3,0,2,2,3
1830500.0,3,0,2,2,3
1831000.0,3,3,2,2,3
1831500.0,3,3,2,2,3
1832000.0,3,3,2,2,3
1832500.0,3,3,2,2,3
1833000.0,3,3,1,2,0
1833500.0,3,3,2,2,3
1834000.0,3,3,2,2,3
1834500.0,3,3,2,2,3
1835000.0,0,3,2,2,3
1835500.0,3,3,2,2,3
1836000.0,3,3,2,2,3
1836500.0,3,3,2,2,3
1837000.0,3,3,1,2,3
1837500.0,3,3,2,2,3
1838000.0,1,3,2,2,3
1838500.0,3,3,2,2,3
1839000.0,3,3,2,2,3
1839500.0,3,3,2,2,3
1840000.0,3,3,2,2,3
1840500.0,3,3,2,2,3
1841000.0,3,3,2,2,3
1841500.0,3,3,2,2,3
1842000.0,1,3,2,2,3
1842500.0,3,3,2,2,3
1843000.0,3,3,2,2,3
1843500.0,3,3,2,2,3
1844000.0,3,3,2,2,3
1844500.0,3,3,2,2,3
1845000.0,3,3,2,2,3
1845500.0,3,3,2,1,3
1846000.0,3,3,2,2,3
1846500.0,3,2,2,2,3
1847000.0,3,3,2,2,3
1847500.0,3,2,2,2,3
1848000.0,3,3,2,2,3
1848500.0,3,3,2,2,3
1849000.0,3,3,2,2,3
1849500.0,2,3,2,2,1
1850000.0,3,3,2,2,3
1850500.0,3,3,2,2,3
1851000.0,3,3,2,2,3
1851500.0,3,2,2,2,3
1852000.0,3,3,2,2,3
1852500.0,3,3,2,2,3
1853000.0,3,3,2,2,3
1853500.0,3,3,2,2,3
1854000.0,3,3,2,2,3
1854500.0,3,3,2,2,3
1855000.0,3,3,1,2,3
1855500.0,3,3,2,2,3
1856000.0,3,3,2,2,3
1856500.0,3,3,2,0,3
1857000.0,3,3,2,2,3
1857500.0,3,3,2,2,3
1858000.0,3,3,2,2,3
1858500.0,3,3,2,2,3
1859000.0,3,3,2,2,3
1859500.0,3,3,2,2,3
1860000.0,3,3,2,2,3
1860500.0,3,3,2,2,3
1861000.0,3,3,2,2,3
1861500.0,3,3,2,2,3
1862000.0,3,3,2,2,3
1862500.0,1,3,2,2,3
1863000.0,3,3,2,2,3
1863500.0,2,3,2,2,2
1864000.0,3,3,2,2,3
1864500.0,3,3,2,2,3
1865000.0,3,3,2,2,3
1865500.0,3,3,2,2,3
1866000.0,3,3,2,2,3
1866500.0,3,3,2,2,3
1867000.0,3,3,2,2,1
1867500.0,3,3,2,2,3
1868000.0,3,3,2,2,3
1868500.0,0,1,2,2,3
1869000.0,3,3,2,2,3
1869500.0,3,2,2,2,3
1870000.0,3,0,2,2,3
1870500.0,3,3,2,2,3
1871000.0,3,3,2,2,3
1871500.0,3,3,2,2,3
1872000.0,3,3,2,2,3
1872500.0,3,3,2,2,3
1873000.0,3,3,2,2,3
1873500.0,3,3,2,2,3
1874000.0,3,2,2,2,3
1874500.0,3,3,2,2,3
1875000.0,3,3,2,2,3
1875500.0,3,3,2,2,3
1876000.0,3,3,2,2,3
1876500.0,3,3,2,2,3
1877000.0,3,3,2,2,3
1877500.0,3,3,2,2,3
1878000.0,3,3,2,2,3
1878500.0,3,3,2,2,3
1879000.0,3,3,2,2,3
1879500.0,0,0,1,2,1
1880000.0,3,3,2,2,3
1880500.0,3,3,2,2,3
1881000.0,3,3,2,2,3
1881500.0,3,3,2,2,3
1882000.0,3,3,2,2,3
1882500.0,3,3,2,2,3
1883000.0,3,3,2,2,3
1883500.0,3,3,2,2,3
1884000.0,3,3,2,2,3
1884500.0,3,2,2,2,1
1885000.0,3,3,2,2,3
1885500.0,3,3,2,2,3
1886000.0,3,3,2,2,3
1886500.0,3,2,2,2,3
1887000.0,3,3,2,2,3
1887500.0,0,3,2,2,0
1888000.0,3,3,2,2,3
1888500.0,3,3,2,2,3
1889000.0,3,3,2,2,3
1889500.0,3,1,2,2,3
1890000.0,3,3,2,2,3
1890500.0,3,3,2,2,3
1891000.0,3,3,2,2,3
1891500.0,3,3,2,2,3
1892000.0,1,3,2,2,0
1892500.0,3,3,2,2,3
1893000.0,3,3,2,2,3
1893500.0,3,3,2,2,3
1894000.0,3,3,2,2,3
1894500.0,3,3,2,2,3
1895000.0,1,3,2,2,3
1895500.0,3,3,2,2,3
1896000.0,3,3,2,2,3
1896500.0,3,3,2,2,3
1897000.0,3,3,2,2,3
1897500.0,3,3,2,2,3
1898000.0,3,3,2,2,3
1898500.0,3,3,2,2,3
1899000.0,3,3,0,2,3
1899500.0,3,0,2,0,3
1900000.0,3,3,2,2,3
1900500.0,3,3,2,2,3
1901000.0,3,3,2,2,3
1901500.0,3,3,2,2,3
1902000.0,3,3,2,2,3
1902500.0,3,3,2,2,3
1903000.0,3,3,2,2,3
1903500.0,3,3,2,2,3
1904000.0,3,3,2,2,3
1904500.0,3,3,2,2,3
1905000.0,3,3,2,2,2
1905500.0,3,3,2,2,3
1906000.0,3,3,0,2,3
1906500.0,3,3,2,0,3
1907000.0,3,3,2,2,3
1907500.0,3,3,2,2,3
1908000.0,3,3,2,2,3
1908500.0,3,3,2,2,3
1909000.0,3,3,2,2,3
1909500.0,3,3,2,2,3
1910000.0,3,3,2,2,3
1910500.0,3,3,2,2,3
1911000.0,3,3,2,2,3
1911500.0,3,3,2,2,3
1912000.0,3,3,2,2,3
1912500.0,3,3,2,2,3
1913000.0,3,3,2,2,3
1913500.0,3,3,2,2,3
1914000.0,3,3,2,2,3
1914500.0,3,3,2,2,3
1915000.0,3,3,2,2,3
1915500.0,3,3,2,2,3
1916000.0,3,3,2,2,3
1916500.0,3,3,2,2,3
1917000.0,2,1,2,2,0
1917500.0,3,3,2,2,3
1918000.0,3,3,2,2,3
1918500.0,3,3,2,2,3
1919000.0,3,3,2,2,3
1919500.0,3,3,2,2,1
1920000.0,3,3,2,2,3
1920500.0,3,3,2,2,3
1921000.0,3,3,2,2,3
1921500.0,3,3,2,1,3
1922000.0,3,3,2,2,3
1922500.0,3,3,2,2,3
1923000.0,0,3,1,2,1
1923500.0,3,3,2,2,3
1924000.0,3,3,2,2,3
1924500.0,3,3,2,2,3
1925000.0,3,3,2,2,3
1925500.0,3,3,2,2,3
1926000.0,3,3,2,2,3
1926500.0,3,3,2,2,3
1927000.0,3,3,2,2,3
1927500.0,3,3,2,2,3
1928000.0,3,3,2,2,3
1928500.0,3,3,2,2,2
1929000.0,3,3,2,2,3
1929500.0,3,3,2,2,3
1930000.0,3,3,2,2,3
1930500.0,3,3,2,2,3
1931000.0,3,3,2,2,3
1931500.0,3,3,2,2,3
1932000.0,3,3,2,2,3
1932500.0,3,3,2,2,2
1933000.0,3,3,2,2,1
1933500.0,3,3,2,2,3
1934000.0,3,3,2,2,3
1934500.0,3,3,2,2,3
1935000.0,3,3,2,2,3
1935500.0,3,3,2,2,3
1936000.0,3,3,2,2,3
1936500.0,3,3,2,2,3
1937000.0,3,3,2,2,3
1937500.0,3,3,2,2,3
1938000.0,3,3,2,2,3
1938500.0,3,3,2,2,3
1939000.0,3,3,2,2,3
1939500.0,3,3,2,2,3
1940000.0,3,3,2,2,3
1940500.0,3,3,2,2,3
1941000.0,3,3,2,2,3
1941500.0,3,3,2,2,3
1942000.0,3,3,2,2,1
1942500.0,3,3,2,2,3
1943000.0,3,3,2,2,3
1943500.0,3,3,2,2,3
1944000.0,3,3,2,2,3
1944500.0,3,3,2,2,3
1945000.0,3,3,2,2,3
1945500.0,3,3,2,2,2
1946000.0,3,3,2,2,3
1946500.0,3,3,2,2,3
1947000.0,3,0,2,2,3
1947500.0,3,3,2,2,3
1948000.0,3,3,2,2,3
1948500.0,1,3,2,2,0
1949000.0,3,0,2,2,3
1949500.0,3,3,2,2,3
1950000.0,3,3,2,2,3
1950500.0,3,3,2,2,3
1951000.0,3,3,2,2,3
1951500.0,1,3,2,2,3
1952000.0,2,3,2,2,3
1952500.0,3,3,2,2,3
1953000.0,3,3,2,2,3
1953500.0,3,3,2,2,3
1954000.0,3,3,2,2,3
1954500.0,3,3,2,2,3
1955000.0,3,2,0,2,3
1955500.0,3,3,2,2,3
1956000.0,3,3,2,2,3
1956500.0,3,3,2,2,3
1957000.0,3,3,2,2,3
1957500.0,3,3,2,2,3
1958000.0,3,3,2,2,3
1958500.0,3,3,2,2,3
1959000.0,3,3,2,2,3
1959500.0,1,3,2,2,0
1960000.0,3,3,2,2,3
1960500.0,3,3,2,2,3
1961000.0,3,3,2,2,3
1961500.0,3,3,2,2,1
1962000.0,3,3,2,2,3
1962500.0,3,3,2,2,3
1963000.0,3,0,2,2,3
1963500.0,3,3,2,2,3
1964000.0,1,3,2,2,3
1964500.0,3,3,2,2,3
1965000.0,3,3,2,2,3
1965500.0,3,3,2,2,1
1966000.0,3,3,2,2,3
1966500.0,3,3,2,2,3
1967000.0,3,3,2,2,3
1967500.0,3,3,2,2,3
1968000.0,3,3,2,2,3
1968500.0,3,3,2,0,3
1969000.0,3,3,2,2,3
1969500.0,3,3,2,2,3
1970000.0,3,3,2,2,3
1970500.0,3,3,2,2,3
1971000.0,3,3,2,2,3
1971500.0,3,3,2,2,3
1972000.0,3,3,2,2,0
1972500.0,3,3,2,2,3
1973000.0,3,3,2,2,3
1973500.0,3,3,2,2,3
1974000.0,3,0,2,2,3
1974500.0,1,3,2,2,3
1975000.0,3,3,2,2,3
1975500.0,3,3,2,2,3
1976000.0,3,3,2,2,3
1976500.0,3,3,2,2,3
1977000.0,3,3,2,2,3
1977500.0,3,3,2,0,3
1978000.0,3,3,2,2,3
1978500.0,3,3,2,2,3
1979000.0,3,3,2,2,3
1979500.0,3,3,2,2,3
1980000.0,3,3,2,2,3
1980500.0,3,3,2,2,3
1981000.0,3,3,2,2,3
1981500.0,3,3,2,2,3
1982000.0,3,3,2,2,3
1982500.0,3,3,2,2,3
1983000.0,3,2,2,2,3
1983500.0,3,3,0,2,3
1984000.0,3,3,2,2,3
1984500.0,3,3,2,2,3
1985000.0,3,3,2,2,3
1985500.0,3,3,2,2,3
1986000.0,3,1,2,2,3
1986500.0,3,3,2,2,3
1987000.0,3,3,2,2,3
1987500.0,3,3,2,2,3
1988000.0,3,3,2,2,3
1988500.0,3,3,2,2,3
1989000.0,3,3,2,2,3
1989500.0,3,3,2,2,3
1990000.0,3,3,2,2,3
1990500.0,3,3,2,2,3
1991000.0,3,3,2,2,3
1991500.0,3,3,2,2,3
1992000.0,1,3,2,2,3
1992500.0,3,1,0,2,0
1993000.0,3,3,2,2,3
1993500.0,3,3,2,2,3
1994000.0,3,3,2,2,3
1994500.0,3,3,2,2,3
1995000.0,3,3,2,2,3
1995500.0,3,3,2,2,0
1996000.0,3,3,2,2,3
1996500.0,3,3,2,2,3
1997000.0,3,3,2,2,3
1997500.0,3,3,2,2,3
1998000.0,3,1,2,2,3
1998500.0,3,3,2,2,3
1999000.0,3,3,2,2,3
1999500.0,3,3,2,2,3
2000000.0,3,3,2,2,3
