frames,local,simple,normal
500.0,0.25056999921798706,0.33756425976753235,0.22449560463428497
1000.0,0.1809147298336029,0.17994828522205353,0.1
1500.0,0.2440710812807083,0.16061267256736755,0.1
2000.0,0.2823820114135742,0.5560569763183594,0.3072361648082733
2500.0,0.8034443855285645,0.8314361572265625,0.6583381295204163
3000.0,0.9,0.9,0.9
3500.0,0.9,0.9,0.9
4000.0,0.9,0.9,0.9
4500.0,0.9,0.9,0.9
5000.0,0.9,0.9,0.9
5500.0,0.9,0.9,0.9
6000.0,0.9,0.9,0.9
6500.0,0.9,0.9,0.9
7000.0,0.9,0.9,0.9
7500.0,0.9,0.9,0.9
8000.0,0.9,0.9,0.9
8500.0,0.9,0.9,0.9
9000.0,0.9,0.9,0.9
9500.0,0.9,0.9,0.9
10000.0,0.9,0.9,0.9
10500.0,0.9,0.9,0.9
11000.0,0.9,0.9,0.9
11500.0,0.9,0.9,0.9
12000.0,0.9,0.9,0.9
12500.0,0.9,0.9,0.9
13000.0,0.9,0.9,0.9
13500.0,0.9,0.9,0.9
14000.0,0.9,0.9,0.9
14500.0,0.9,0.9,0.9
15000.0,0.9,0.9,0.9
15500.0,0.9,0.9,0.9
16000.0,0.9,0.9,0.9
16500.0,0.9,0.9,0.9
17000.0,0.9,0.9,0.9
17500.0,0.9,0.9,0.9
18000.0,0.9,0.9,0.9
18500.0,0.9,0.9,0.9
19000.0,0.9,0.9,0.9
19500.0,0.9,0.9,0.9
20000.0,0.9,0.9,0.9
20500.0,0.9,0.9,0.9
21000.0,0.9,0.9,0.9
21500.0,0.9,0.9,0.9
22000.0,0.9,0.9,0.9
22500.0,0.9,0.9,0.9
23000.0,0.9,0.9,0.9
23500.0,0.9,0.9,0.9
24000.0,0.9,0.9,0.9
24500.0,0.9,0.9,0.9
25000.0,0.9,0.9,0.9
25500.0,0.9,0.9,0.9
26000.0,0.9,0.9,0.9
26500.0,0.9,0.9,0.9
27000.0,0.9,0.9,0.9
27500.0,0.9,0.9,0.9
28000.0,0.9,0.9,0.9
28500.0,0.9,0.9,0.9
29000.0,0.9,0.9,0.9
29500.0,0.9,0.9,0.9
30000.0,0.9,0.9,0.9
30500.0,0.9,0.9,0.9
31000.0,0.9,0.9,0.9
31500.0,0.9,0.9,0.9
32000.0,0.9,0.9,0.9
32500.0,0.9,0.9,0.9
33000.0,0.9,0.9,0.9
33500.0,0.9,0.9,0.9
34000.0,0.9,0.9,0.9
34500.0,0.9,0.9,0.9
35000.0,0.9,0.9,0.9
35500.0,0.9,0.9,0.9
36000.0,0.9,0.9,0.9
36500.0,0.9,0.9,0.9
37000.0,0.9,0.9,0.9
37500.0,0.9,0.9,0.9
38000.0,0.9,0.9,0.9
38500.0,0.9,0.9,0.9
39000.0,0.9,0.9,0.9
39500.0,0.9,0.9,0.9
40000.0,0.9,0.9,0.9
40500.0,0.9,0.9,0.9
41000.0,0.9,0.9,0.9
41500.0,0.9,0.9,0.9
42000.0,0.9,0.9,0.9
42500.0,0.9,0.9,0.9
43000.0,0.9,0.9,0.9
43500.0,0.9,0.9,0.9
44000.0,0.9,0.9,0.9
44500.0,0.9,0.9,0.9
45000.0,0.9,0.9,0.9
45500.0,0.9,0.9,0.9
46000.0,0.9,0.9,0.9
46500.0,0.9,0.9,0.9
47000.0,0.9,0.9,0.9
47500.0,0.9,0.9,0.9
48000.0,0.9,0.9,0.9
48500.0,0.9,0.9,0.9
49000.0,0.9,0.9,0.9
49500.0,0.9,0.9,0.9
50000.0,0.9,0.9,0.9
50500.0,0.9,0.9,0.9
51000.0,0.9,0.9,0.9
51500.0,0.9,0.9,0.9
52000.0,0.9,0.9,0.9
52500.0,0.9,0.9,0.9
53000.0,0.9,0.9,0.9
53500.0,0.9,0.9,0.9
54000.0,0.9,0.9,0.9
54500.0,0.9,0.9,0.9
55000.0,0.9,0.9,0.9
55500.0,0.9,0.9,0.9
56000.0,0.9,0.9,0.9
56500.0,0.9,0.9,0.9
57000.0,0.9,0.9,0.9
57500.0,0.9,0.9,0.9
58000.0,0.9,0.9,0.9
58500.0,0.9,0.9,0.9
59000.0,0.9,0.9,0.9
59500.0,0.9,0.9,0.9
60000.0,0.9,0.9,0.9
60500.0,0.9,0.9,0.9
61000.0,0.9,0.9,0.9
61500.0,0.9,0.9,0.9
62000.0,0.9,0.9,0.9
62500.0,0.9,0.9,0.9
63000.0,0.9,0.9,0.9
63500.0,0.9,0.9,0.9
64000.0,0.9,0.9,0.9
64500.0,0.9,0.9,0.9
65000.0,0.9,0.9,0.9
65500.0,0.9,0.9,0.9
66000.0,0.9,0.9,0.9
66500.0,0.9,0.9,0.9
67000.0,0.9,0.9,0.9
67500.0,0.9,0.9,0.9
68000.0,0.9,0.9,0.9
68500.0,0.9,0.9,0.9
69000.0,0.9,0.9,0.9
69500.0,0.9,0.9,0.9
70000.0,0.9,0.9,0.9
70500.0,0.9,0.9,0.9
71000.0,0.9,0.9,0.9
71500.0,0.9,0.9,0.9
72000.0,0.9,0.9,0.9
72500.0,0.9,0.9,0.9
73000.0,0.9,0.9,0.9
73500.0,0.9,0.9,0.9
74000.0,0.9,0.9,0.9
74500.0,0.9,0.9,0.9
75000.0,0.9,0.9,0.9
75500.0,0.9,0.9,0.9
76000.0,0.9,0.9,0.9
76500.0,0.9,0.9,0.9
77000.0,0.9,0.9,0.9
77500.0,0.9,0.9,0.9
78000.0,0.9,0.9,0.9
78500.0,0.9,0.9,0.9
79000.0,0.9,0.9,0.9
79500.0,0.9,0.9,0.9
80000.0,0.9,0.9,0.9
80500.0,0.9,0.9,0.9
81000.0,0.9,0.9,0.9
81500.0,0.9,0.9,0.9
82000.0,0.9,0.9,0.9
82500.0,0.9,0.9,0.9
83000.0,0.9,0.9,0.9
83500.0,0.9,0.9,0.9
84000.0,0.9,0.9,0.9
84500.0,0.9,0.9,0.9
85000.0,0.9,0.9,0.9
85500.0,0.9,0.9,0.9
86000.0,0.9,0.9,0.9
86500.0,0.9,0.9,0.9
87000.0,0.9,0.9,0.9
87500.0,0.9,0.9,0.9
88000.0,0.9,0.9,0.9
88500.0,0.9,0.9,0.9
89000.0,0.9,0.9,0.9
89500.0,0.9,0.9,0.9
90000.0,0.9,0.9,0.9
90500.0,0.9,0.9,0.9
91000.0,0.9,0.9,0.9
91500.0,0.9,0.9,0.9
92000.0,0.9,0.9,0.9
92500.0,0.9,0.9,0.9
93000.0,0.9,0.9,0.9
93500.0,0.9,0.9,0.9
94000.0,0.9,0.9,0.9
94500.0,0.9,0.9,0.9
95000.0,0.9,0.9,0.9
95500.0,0.9,0.9,0.9
96000.0,0.9,0.9,0.9
96500.0,0.9,0.9,0.9
97000.0,0.9,0.9,0.9
97500.0,0.9,0.9,0.9
98000.0,0.9,0.9,0.9
98500.0,0.9,0.9,0.9
99000.0,0.9,0.9,0.9
99500.0,0.9,0.9,0.9
100000.0,0.9,0.9,0.9
100500.0,0.9,0.9,0.9
101000.0,0.9,0.9,0.9
101500.0,0.9,0.9,0.9
102000.0,0.9,0.9,0.9
102500.0,0.9,0.9,0.9
103000.0,0.9,0.9,0.9
103500.0,0.9,0.9,0.9
104000.0,0.9,0.9,0.9
104500.0,0.9,0.9,0.9
105000.0,0.9,0.9,0.9
105500.0,0.9,0.9,0.9
106000.0,0.9,0.9,0.9
106500.0,0.9,0.9,0.9
107000.0,0.9,0.9,0.9
107500.0,0.9,0.9,0.9
108000.0,0.9,0.9,0.9
108500.0,0.9,0.9,0.9
109000.0,0.9,0.9,0.9
109500.0,0.9,0.9,0.9
110000.0,0.9,0.9,0.9
110500.0,0.9,0.9,0.9
111000.0,0.9,0.9,0.9
111500.0,0.9,0.9,0.9
112000.0,0.9,0.9,0.9
112500.0,0.9,0.9,0.9
113000.0,0.9,0.9,0.9
113500.0,0.9,0.9,0.9
114000.0,0.9,0.9,0.9
114500.0,0.9,0.9,0.9
115000.0,0.9,0.9,0.9
115500.0,0.9,0.9,0.9
116000.0,0.9,0.9,0.9
116500.0,0.9,0.9,0.9
117000.0,0.9,0.9,0.9
117500.0,0.9,0.9,0.9
118000.0,0.9,0.9,0.9
118500.0,0.9,0.9,0.9
119000.0,0.9,0.9,0.9
119500.0,0.9,0.9,0.9
120000.0,0.9,0.9,0.9
120500.0,0.9,0.9,0.9
121000.0,0.9,0.9,0.9
121500.0,0.9,0.9,0.9
122000.0,0.9,0.9,0.9
122500.0,0.9,0.9,0.9
123000.0,0.9,0.9,0.9
123500.0,0.9,0.9,0.9
124000.0,0.9,0.9,0.9
124500.0,0.9,0.9,0.9
125000.0,0.9,0.9,0.9
125500.0,0.9,0.9,0.9
126000.0,0.9,0.9,0.9
126500.0,0.9,0.9,0.9
127000.0,0.9,0.9,0.9
127500.0,0.9,0.9,0.9
128000.0,0.9,0.9,0.9
128500.0,0.9,0.9,0.9
129000.0,0.9,0.9,0.9
129500.0,0.9,0.9,0.9
130000.0,0.9,0.9,0.9
130500.0,0.9,0.9,0.9
131000.0,0.9,0.9,0.9
131500.0,0.9,0.9,0.9
132000.0,0.9,0.9,0.9
132500.0,0.9,0.9,0.9
133000.0,0.9,0.9,0.9
133500.0,0.9,0.9,0.9
134000.0,0.9,0.9,0.9
134500.0,0.9,0.9,0.9
135000.0,0.9,0.9,0.9
135500.0,0.9,0.9,0.9
136000.0,0.9,0.9,0.9
136500.0,0.9,0.9,0.9
137000.0,0.9,0.9,0.9
137500.0,0.9,0.9,0.9
138000.0,0.9,0.9,0.9
138500.0,0.9,0.9,0.9
139000.0,0.9,0.9,0.9
139500.0,0.9,0.9,0.9
140000.0,0.9,0.9,0.9
140500.0,0.9,0.9,0.9
141000.0,0.9,0.9,0.9
141500.0,0.9,0.9,0.9
142000.0,0.9,0.9,0.9
142500.0,0.9,0.9,0.9
143000.0,0.9,0.9,0.9
143500.0,0.9,0.9,0.9
144000.0,0.9,0.9,0.9
144500.0,0.9,0.9,0.9
145000.0,0.9,0.9,0.9
145500.0,0.9,0.9,0.9
146000.0,0.9,0.9,0.9
146500.0,0.9,0.9,0.9
147000.0,0.9,0.9,0.9
147500.0,0.9,0.9,0.9
148000.0,0.9,0.9,0.9
148500.0,0.9,0.9,0.9
149000.0,0.9,0.9,0.9
149500.0,0.9,0.9,0.9
150000.0,0.9,0.9,0.9
150500.0,0.9,0.9,0.9
151000.0,0.9,0.9,0.9
151500.0,0.9,0.9,0.9
152000.0,0.9,0.9,0.9
152500.0,0.9,0.9,0.9
153000.0,0.9,0.9,0.9
153500.0,0.9,0.9,0.9
154000.0,0.9,0.9,0.9
154500.0,0.9,0.9,0.9
155000.0,0.9,0.9,0.9
155500.0,0.9,0.9,0.9
156000.0,0.9,0.9,0.9
156500.0,0.9,0.9,0.9
157000.0,0.9,0.9,0.9
157500.0,0.9,0.9,0.9
158000.0,0.9,0.9,0.9
158500.0,0.9,0.9,0.9
159000.0,0.9,0.9,0.9
159500.0,0.9,0.9,0.9
160000.0,0.9,0.9,0.9
160500.0,0.9,0.9,0.9
161000.0,0.9,0.9,0.9
161500.0,0.9,0.9,0.9
162000.0,0.9,0.9,0.9
162500.0,0.9,0.9,0.9
163000.0,0.9,0.9,0.9
163500.0,0.9,0.9,0.9
164000.0,0.9,0.9,0.9
164500.0,0.9,0.9,0.9
165000.0,0.9,0.9,0.9
165500.0,0.9,0.9,0.9
166000.0,0.9,0.9,0.9
166500.0,0.9,0.9,0.9
167000.0,0.9,0.9,0.9
167500.0,0.9,0.9,0.9
168000.0,0.9,0.9,0.9
168500.0,0.9,0.9,0.9
169000.0,0.9,0.9,0.9
169500.0,0.9,0.9,0.9
170000.0,0.9,0.9,0.9
170500.0,0.9,0.9,0.9
171000.0,0.9,0.9,0.9
171500.0,0.9,0.9,0.9
172000.0,0.9,0.9,0.9
172500.0,0.9,0.9,0.9
173000.0,0.9,0.9,0.9
173500.0,0.9,0.9,0.9
174000.0,0.9,0.9,0.9
174500.0,0.9,0.9,0.9
175000.0,0.9,0.9,0.9
175500.0,0.9,0.9,0.9
176000.0,0.9,0.9,0.9
176500.0,0.9,0.9,0.9
177000.0,0.9,0.9,0.9
177500.0,0.9,0.9,0.9
178000.0,0.9,0.9,0.9
178500.0,0.9,0.9,0.9
179000.0,0.9,0.9,0.9
179500.0,0.9,0.9,0.9
180000.0,0.9,0.9,0.9
180500.0,0.9,0.9,0.9
181000.0,0.9,0.9,0.9
181500.0,0.9,0.9,0.9
182000.0,0.9,0.9,0.9
182500.0,0.9,0.9,0.9
183000.0,0.9,0.9,0.9
183500.0,0.9,0.9,0.9
184000.0,0.9,0.9,0.9
184500.0,0.9,0.9,0.9
185000.0,0.9,0.9,0.9
185500.0,0.9,0.9,0.9
186000.0,0.9,0.9,0.9
186500.0,0.9,0.9,0.9
187000.0,0.9,0.9,0.9
187500.0,0.9,0.9,0.9
188000.0,0.9,0.9,0.9
188500.0,0.9,0.9,0.9
189000.0,0.9,0.9,0.9
189500.0,0.9,0.9,0.9
190000.0,0.9,0.9,0.9
190500.0,0.9,0.9,0.9
191000.0,0.9,0.9,0.9
191500.0,0.9,0.9,0.9
192000.0,0.9,0.9,0.9
192500.0,0.9,0.9,0.9
193000.0,0.9,0.9,0.9
193500.0,0.9,0.9,0.9
194000.0,0.9,0.9,0.9
194500.0,0.9,0.9,0.9
195000.0,0.9,0.9,0.9
195500.0,0.9,0.9,0.9
196000.0,0.9,0.9,0.9
196500.0,0.9,0.9,0.9
197000.0,0.9,0.9,0.9
197500.0,0.9,0.9,0.9
198000.0,0.9,0.9,0.9
198500.0,0.9,0.9,0.9
199000.0,0.9,0.9,0.9
199500.0,0.9,0.9,0.9
200000.0,0.9,0.9,0.9
200500.0,0.9,0.9,0.9
201000.0,0.9,0.9,0.9
201500.0,0.9,0.9,0.9
202000.0,0.9,0.9,0.9
202500.0,0.9,0.9,0.9
203000.0,0.9,0.9,0.9
203500.0,0.9,0.9,0.9
204000.0,0.9,0.9,0.9
204500.0,0.9,0.9,0.9
205000.0,0.9,0.9,0.9
205500.0,0.9,0.9,0.9
206000.0,0.9,0.9,0.9
206500.0,0.9,0.9,0.9
207000.0,0.9,0.9,0.9
207500.0,0.9,0.9,0.9
208000.0,0.9,0.9,0.9
208500.0,0.9,0.9,0.9
209000.0,0.9,0.9,0.9
209500.0,0.9,0.9,0.9
210000.0,0.9,0.9,0.9
210500.0,0.9,0.9,0.9
211000.0,0.9,0.9,0.9
211500.0,0.9,0.9,0.9
212000.0,0.9,0.9,0.9
212500.0,0.9,0.9,0.9
213000.0,0.9,0.9,0.9
213500.0,0.9,0.9,0.9
214000.0,0.9,0.9,0.9
214500.0,0.9,0.9,0.9
215000.0,0.9,0.9,0.9
215500.0,0.9,0.9,0.9
216000.0,0.9,0.9,0.9
216500.0,0.9,0.9,0.9
217000.0,0.9,0.9,0.9
217500.0,0.9,0.9,0.9
218000.0,0.9,0.9,0.9
218500.0,0.9,0.9,0.9
219000.0,0.9,0.9,0.9
219500.0,0.9,0.9,0.9
220000.0,0.9,0.9,0.9
220500.0,0.9,0.9,0.9
221000.0,0.9,0.9,0.9
221500.0,0.9,0.9,0.9
222000.0,0.9,0.9,0.9
222500.0,0.9,0.9,0.9
223000.0,0.9,0.9,0.9
223500.0,0.9,0.9,0.9
224000.0,0.9,0.9,0.9
224500.0,0.9,0.9,0.9
225000.0,0.9,0.9,0.9
225500.0,0.9,0.9,0.9
226000.0,0.9,0.9,0.9
226500.0,0.9,0.9,0.9
227000.0,0.9,0.9,0.9
227500.0,0.9,0.9,0.9
228000.0,0.9,0.9,0.9
228500.0,0.9,0.9,0.9
229000.0,0.9,0.9,0.9
229500.0,0.9,0.9,0.9
230000.0,0.9,0.9,0.9
230500.0,0.9,0.9,0.9
231000.0,0.9,0.9,0.9
231500.0,0.9,0.9,0.9
232000.0,0.9,0.9,0.9
232500.0,0.9,0.9,0.9
233000.0,0.9,0.9,0.9
233500.0,0.9,0.9,0.9
234000.0,0.9,0.9,0.9
234500.0,0.9,0.9,0.9
235000.0,0.9,0.9,0.9
235500.0,0.9,0.9,0.9
236000.0,0.9,0.9,0.9
236500.0,0.9,0.9,0.9
237000.0,0.9,0.9,0.9
237500.0,0.9,0.9,0.9
238000.0,0.9,0.9,0.9
238500.0,0.9,0.9,0.9
239000.0,0.9,0.9,0.9
239500.0,0.9,0.9,0.9
240000.0,0.9,0.9,0.9
240500.0,0.9,0.9,0.9
241000.0,0.9,0.9,0.9
241500.0,0.9,0.9,0.9
242000.0,0.9,0.9,0.9
242500.0,0.9,0.9,0.9
243000.0,0.9,0.9,0.9
243500.0,0.9,0.9,0.9
244000.0,0.9,0.9,0.9
244500.0,0.9,0.9,0.9
245000.0,0.9,0.9,0.9
245500.0,0.9,0.9,0.9
246000.0,0.9,0.9,0.9
246500.0,0.9,0.9,0.9
247000.0,0.9,0.9,0.9
247500.0,0.9,0.9,0.9
248000.0,0.9,0.9,0.9
248500.0,0.9,0.9,0.9
249000.0,0.9,0.9,0.9
249500.0,0.9,0.9,0.9
250000.0,0.9,0.9,0.9
250500.0,0.9,0.9,0.9
251000.0,0.9,0.9,0.9
251500.0,0.9,0.9,0.9
252000.0,0.9,0.9,0.9
252500.0,0.9,0.9,0.9
253000.0,0.9,0.9,0.9
253500.0,0.9,0.9,0.9
254000.0,0.9,0.9,0.9
254500.0,0.9,0.9,0.9
255000.0,0.9,0.9,0.9
255500.0,0.9,0.9,0.9
256000.0,0.9,0.9,0.9
256500.0,0.9,0.9,0.9
257000.0,0.9,0.9,0.9
257500.0,0.9,0.9,0.9
258000.0,0.9,0.9,0.9
258500.0,0.9,0.9,0.9
259000.0,0.9,0.9,0.9
259500.0,0.9,0.9,0.9
260000.0,0.9,0.9,0.9
260500.0,0.9,0.9,0.9
261000.0,0.9,0.9,0.9
261500.0,0.9,0.9,0.9
262000.0,0.9,0.9,0.9
262500.0,0.9,0.9,0.9
263000.0,0.9,0.9,0.9
263500.0,0.9,0.9,0.9
264000.0,0.9,0.9,0.9
264500.0,0.9,0.9,0.9
265000.0,0.9,0.9,0.9
265500.0,0.9,0.9,0.9
266000.0,0.9,0.9,0.9
266500.0,0.9,0.9,0.9
267000.0,0.9,0.9,0.9
267500.0,0.9,0.9,0.9
268000.0,0.9,0.9,0.9
268500.0,0.9,0.9,0.9
269000.0,0.9,0.9,0.9
269500.0,0.9,0.9,0.9
270000.0,0.9,0.9,0.9
270500.0,0.9,0.9,0.9
271000.0,0.9,0.9,0.9
271500.0,0.9,0.9,0.9
272000.0,0.9,0.9,0.9
272500.0,0.9,0.9,0.9
273000.0,0.9,0.9,0.9
273500.0,0.9,0.9,0.9
274000.0,0.9,0.9,0.9
274500.0,0.9,0.9,0.9
275000.0,0.9,0.9,0.9
275500.0,0.9,0.9,0.9
276000.0,0.9,0.9,0.9
276500.0,0.9,0.9,0.9
277000.0,0.9,0.9,0.9
277500.0,0.9,0.9,0.9
278000.0,0.9,0.9,0.9
278500.0,0.9,0.9,0.9
279000.0,0.9,0.9,0.9
279500.0,0.9,0.9,0.9
280000.0,0.9,0.9,0.9
280500.0,0.9,0.9,0.9
281000.0,0.9,0.9,0.9
281500.0,0.9,0.9,0.9
282000.0,0.9,0.9,0.9
282500.0,0.9,0.9,0.9
283000.0,0.9,0.9,0.9
283500.0,0.9,0.9,0.9
284000.0,0.9,0.9,0.9
284500.0,0.9,0.9,0.9
285000.0,0.9,0.9,0.9
285500.0,0.9,0.9,0.9
286000.0,0.9,0.9,0.9
286500.0,0.9,0.9,0.9
287000.0,0.9,0.9,0.9
287500.0,0.9,0.9,0.9
288000.0,0.9,0.9,0.9
288500.0,0.9,0.9,0.9
289000.0,0.9,0.9,0.9
289500.0,0.9,0.9,0.9
290000.0,0.9,0.9,0.9
290500.0,0.9,0.9,0.9
291000.0,0.9,0.9,0.9
291500.0,0.9,0.9,0.9
292000.0,0.9,0.9,0.9
292500.0,0.9,0.9,0.9
293000.0,0.9,0.9,0.9
293500.0,0.9,0.9,0.9
294000.0,0.9,0.9,0.9
294500.0,0.9,0.9,0.9
295000.0,0.9,0.9,0.9
295500.0,0.9,0.9,0.9
296000.0,0.9,0.9,0.9
296500.0,0.9,0.9,0.9
297000.0,0.9,0.9,0.9
297500.0,0.9,0.9,0.9
298000.0,0.9,0.9,0.9
298500.0,0.9,0.9,0.9
299000.0,0.9,0.9,0.9
299500.0,0.9,0.9,0.9
300000.0,0.9,0.9,0.9
300500.0,0.9,0.9,0.9
301000.0,0.9,0.9,0.9
301500.0,0.9,0.9,0.9
302000.0,0.9,0.9,0.9
302500.0,0.9,0.9,0.9
303000.0,0.9,0.9,0.9
303500.0,0.9,0.9,0.9
304000.0,0.9,0.9,0.9
304500.0,0.9,0.9,0.9
305000.0,0.9,0.9,0.9
305500.0,0.9,0.9,0.9
306000.0,0.9,0.9,0.9
306500.0,0.9,0.9,0.9
307000.0,0.9,0.9,0.9
307500.0,0.9,0.9,0.9
308000.0,0.9,0.9,0.9
308500.0,0.9,0.9,0.9
309000.0,0.9,0.9,0.9
309500.0,0.9,0.9,0.9
310000.0,0.9,0.9,0.9
310500.0,0.9,0.9,0.9
311000.0,0.9,0.9,0.9
311500.0,0.9,0.9,0.9
312000.0,0.9,0.9,0.9
312500.0,0.9,0.9,0.9
313000.0,0.9,0.9,0.9
313500.0,0.9,0.9,0.9
314000.0,0.9,0.9,0.9
314500.0,0.9,0.9,0.9
315000.0,0.9,0.9,0.9
315500.0,0.9,0.9,0.9
316000.0,0.9,0.9,0.9
316500.0,0.9,0.9,0.9
317000.0,0.9,0.9,0.9
317500.0,0.9,0.9,0.9
318000.0,0.9,0.9,0.9
318500.0,0.9,0.9,0.9
319000.0,0.9,0.9,0.9
319500.0,0.9,0.9,0.9
320000.0,0.9,0.9,0.9
320500.0,0.9,0.9,0.9
321000.0,0.9,0.9,0.9
321500.0,0.9,0.9,0.9
322000.0,0.9,0.9,0.9
322500.0,0.9,0.9,0.9
323000.0,0.9,0.9,0.9
323500.0,0.9,0.9,0.9
324000.0,0.9,0.9,0.9
324500.0,0.9,0.9,0.9
325000.0,0.9,0.9,0.9
325500.0,0.9,0.9,0.9
326000.0,0.9,0.9,0.9
326500.0,0.9,0.9,0.9
327000.0,0.9,0.9,0.9
327500.0,0.9,0.9,0.9
328000.0,0.9,0.9,0.9
328500.0,0.9,0.9,0.9
329000.0,0.9,0.9,0.9
329500.0,0.9,0.9,0.9
330000.0,0.9,0.9,0.9
330500.0,0.9,0.9,0.9
331000.0,0.9,0.9,0.9
331500.0,0.9,0.9,0.9
332000.0,0.9,0.9,0.9
332500.0,0.9,0.9,0.9
333000.0,0.9,0.9,0.9
333500.0,0.9,0.9,0.9
334000.0,0.9,0.9,0.9
334500.0,0.9,0.9,0.9
335000.0,0.9,0.9,0.9
335500.0,0.9,0.9,0.9
336000.0,0.9,0.9,0.9
336500.0,0.9,0.9,0.9
337000.0,0.9,0.9,0.9
337500.0,0.9,0.9,0.9
338000.0,0.9,0.9,0.9
338500.0,0.9,0.9,0.9
339000.0,0.9,0.9,0.9
339500.0,0.9,0.9,0.9
340000.0,0.9,0.9,0.9
340500.0,0.9,0.9,0.9
341000.0,0.9,0.9,0.9
341500.0,0.9,0.9,0.9
342000.0,0.9,0.9,0.9
342500.0,0.9,0.9,0.9
343000.0,0.9,0.9,0.9
343500.0,0.9,0.9,0.9
344000.0,0.9,0.9,0.9
344500.0,0.9,0.9,0.9
345000.0,0.9,0.9,0.9
345500.0,0.9,0.9,0.9
346000.0,0.9,0.9,0.9
346500.0,0.9,0.9,0.9
347000.0,0.9,0.9,0.9
347500.0,0.9,0.9,0.9
348000.0,0.9,0.9,0.9
348500.0,0.9,0.9,0.9
349000.0,0.9,0.9,0.9
349500.0,0.9,0.9,0.9
350000.0,0.9,0.9,0.9
350500.0,0.9,0.9,0.9
351000.0,0.9,0.9,0.9
351500.0,0.9,0.9,0.9
352000.0,0.9,0.9,0.9
352500.0,0.9,0.9,0.9
353000.0,0.9,0.9,0.9
353500.0,0.9,0.9,0.9
354000.0,0.9,0.9,0.9
354500.0,0.9,0.9,0.9
355000.0,0.9,0.9,0.9
355500.0,0.9,0.9,0.9
356000.0,0.9,0.9,0.9
356500.0,0.9,0.9,0.9
357000.0,0.9,0.9,0.9
357500.0,0.9,0.9,0.9
358000.0,0.9,0.9,0.9
358500.0,0.9,0.9,0.9
359000.0,0.9,0.9,0.9
359500.0,0.9,0.9,0.9
360000.0,0.9,0.9,0.9
360500.0,0.9,0.9,0.9
361000.0,0.9,0.9,0.9
361500.0,0.9,0.9,0.9
362000.0,0.9,0.9,0.9
362500.0,0.9,0.9,0.9
363000.0,0.9,0.9,0.9
363500.0,0.9,0.9,0.9
364000.0,0.9,0.9,0.9
364500.0,0.9,0.9,0.9
365000.0,0.9,0.9,0.9
365500.0,0.9,0.9,0.9
366000.0,0.9,0.9,0.9
366500.0,0.9,0.9,0.9
367000.0,0.9,0.9,0.9
367500.0,0.9,0.9,0.9
368000.0,0.9,0.9,0.9
368500.0,0.9,0.9,0.9
369000.0,0.9,0.9,0.9
369500.0,0.9,0.9,0.9
370000.0,0.9,0.9,0.9
370500.0,0.9,0.9,0.9
371000.0,0.9,0.9,0.9
371500.0,0.9,0.9,0.9
372000.0,0.9,0.9,0.9
372500.0,0.9,0.9,0.9
373000.0,0.9,0.9,0.9
373500.0,0.9,0.9,0.9
374000.0,0.9,0.9,0.9
374500.0,0.9,0.9,0.9
375000.0,0.9,0.9,0.9
375500.0,0.9,0.9,0.9
376000.0,0.9,0.9,0.9
376500.0,0.9,0.9,0.9
377000.0,0.9,0.9,0.9
377500.0,0.9,0.9,0.9
378000.0,0.9,0.9,0.9
378500.0,0.9,0.9,0.9
379000.0,0.9,0.9,0.9
379500.0,0.9,0.9,0.9
380000.0,0.9,0.9,0.9
380500.0,0.9,0.9,0.9
381000.0,0.9,0.9,0.9
381500.0,0.9,0.9,0.9
382000.0,0.9,0.9,0.9
382500.0,0.9,0.9,0.9
383000.0,0.9,0.9,0.9
383500.0,0.9,0.9,0.9
384000.0,0.9,0.9,0.9
384500.0,0.9,0.9,0.9
385000.0,0.9,0.9,0.9
385500.0,0.9,0.9,0.9
386000.0,0.9,0.9,0.9
386500.0,0.9,0.9,0.9
387000.0,0.9,0.9,0.9
387500.0,0.9,0.9,0.9
388000.0,0.9,0.9,0.9
388500.0,0.9,0.9,0.9
389000.0,0.9,0.9,0.9
389500.0,0.9,0.9,0.9
390000.0,0.9,0.9,0.9
390500.0,0.9,0.9,0.9
391000.0,0.9,0.9,0.9
391500.0,0.9,0.9,0.9
392000.0,0.9,0.9,0.9
392500.0,0.9,0.9,0.9
393000.0,0.9,0.9,0.9
393500.0,0.9,0.9,0.9
394000.0,0.9,0.9,0.9
394500.0,0.9,0.9,0.9
395000.0,0.9,0.9,0.9
395500.0,0.9,0.9,0.9
396000.0,0.9,0.9,0.9
396500.0,0.9,0.9,0.9
397000.0,0.9,0.9,0.9
397500.0,0.9,0.9,0.9
398000.0,0.9,0.9,0.9
398500.0,0.9,0.9,0.9
399000.0,0.9,0.9,0.9
399500.0,0.9,0.9,0.9
400000.0,0.9,0.9,0.9
400500.0,0.9,0.9,0.9
401000.0,0.9,0.9,0.9
401500.0,0.9,0.9,0.9
402000.0,0.9,0.9,0.9
402500.0,0.9,0.9,0.9
403000.0,0.9,0.9,0.9
403500.0,0.9,0.9,0.9
404000.0,0.9,0.9,0.9
404500.0,0.9,0.9,0.9
405000.0,0.9,0.9,0.9
405500.0,0.9,0.9,0.9
406000.0,0.9,0.9,0.9
406500.0,0.9,0.9,0.9
407000.0,0.9,0.9,0.9
407500.0,0.9,0.9,0.9
408000.0,0.9,0.9,0.9
408500.0,0.9,0.9,0.9
409000.0,0.9,0.9,0.9
409500.0,0.9,0.9,0.9
410000.0,0.9,0.9,0.9
410500.0,0.9,0.9,0.9
411000.0,0.9,0.9,0.9
411500.0,0.9,0.9,0.9
412000.0,0.9,0.9,0.9
412500.0,0.9,0.9,0.9
413000.0,0.9,0.9,0.9
413500.0,0.9,0.9,0.9
414000.0,0.9,0.9,0.9
414500.0,0.9,0.9,0.9
415000.0,0.9,0.9,0.9
415500.0,0.9,0.9,0.9
416000.0,0.9,0.9,0.9
416500.0,0.9,0.9,0.9
417000.0,0.9,0.9,0.9
417500.0,0.9,0.9,0.9
418000.0,0.9,0.9,0.9
418500.0,0.9,0.9,0.9
419000.0,0.9,0.9,0.9
419500.0,0.9,0.9,0.9
420000.0,0.9,0.9,0.9
420500.0,0.9,0.9,0.9
421000.0,0.9,0.9,0.9
421500.0,0.9,0.9,0.9
422000.0,0.9,0.9,0.9
422500.0,0.9,0.9,0.9
423000.0,0.9,0.9,0.9
423500.0,0.9,0.9,0.9
424000.0,0.9,0.9,0.9
424500.0,0.9,0.9,0.9
425000.0,0.9,0.9,0.9
425500.0,0.9,0.9,0.9
426000.0,0.9,0.9,0.9
426500.0,0.9,0.9,0.9
427000.0,0.9,0.9,0.9
427500.0,0.9,0.9,0.9
428000.0,0.9,0.9,0.9
428500.0,0.9,0.9,0.9
429000.0,0.9,0.9,0.9
429500.0,0.9,0.9,0.9
430000.0,0.9,0.9,0.9
430500.0,0.9,0.9,0.9
431000.0,0.9,0.9,0.9
431500.0,0.9,0.9,0.9
432000.0,0.9,0.9,0.9
432500.0,0.9,0.9,0.9
433000.0,0.9,0.9,0.9
433500.0,0.9,0.9,0.9
434000.0,0.9,0.9,0.9
434500.0,0.9,0.9,0.9
435000.0,0.9,0.9,0.9
435500.0,0.9,0.9,0.9
436000.0,0.9,0.9,0.9
436500.0,0.9,0.9,0.9
437000.0,0.9,0.9,0.9
437500.0,0.9,0.9,0.9
438000.0,0.9,0.9,0.9
438500.0,0.9,0.9,0.9
439000.0,0.9,0.9,0.9
439500.0,0.9,0.9,0.9
440000.0,0.9,0.9,0.9
440500.0,0.9,0.9,0.9
441000.0,0.9,0.9,0.9
441500.0,0.9,0.9,0.9
442000.0,0.9,0.9,0.9
442500.0,0.9,0.9,0.9
443000.0,0.9,0.9,0.9
443500.0,0.9,0.9,0.9
444000.0,0.9,0.9,0.9
444500.0,0.9,0.9,0.9
445000.0,0.9,0.9,0.9
445500.0,0.9,0.9,0.9
446000.0,0.9,0.9,0.9
446500.0,0.9,0.9,0.9
447000.0,0.9,0.9,0.9
447500.0,0.9,0.9,0.9
448000.0,0.9,0.9,0.9
448500.0,0.9,0.9,0.9
449000.0,0.9,0.9,0.9
449500.0,0.9,0.9,0.9
450000.0,0.9,0.9,0.9
450500.0,0.9,0.9,0.9
451000.0,0.9,0.9,0.9
451500.0,0.9,0.9,0.9
452000.0,0.9,0.9,0.9
452500.0,0.9,0.9,0.9
453000.0,0.9,0.9,0.9
453500.0,0.9,0.9,0.9
454000.0,0.9,0.9,0.9
454500.0,0.9,0.9,0.9
455000.0,0.9,0.9,0.9
455500.0,0.9,0.9,0.9
456000.0,0.9,0.9,0.9
456500.0,0.9,0.9,0.9
457000.0,0.9,0.9,0.9
457500.0,0.9,0.9,0.9
458000.0,0.9,0.9,0.9
458500.0,0.9,0.9,0.9
459000.0,0.9,0.9,0.9
459500.0,0.9,0.9,0.9
460000.0,0.9,0.9,0.9
460500.0,0.9,0.9,0.9
461000.0,0.9,0.9,0.9
461500.0,0.9,0.9,0.9
462000.0,0.9,0.9,0.9
462500.0,0.9,0.9,0.9
463000.0,0.9,0.9,0.9
463500.0,0.9,0.9,0.9
464000.0,0.9,0.9,0.9
464500.0,0.9,0.9,0.9
465000.0,0.9,0.9,0.9
465500.0,0.9,0.9,0.9
466000.0,0.9,0.9,0.9
466500.0,0.9,0.9,0.9
467000.0,0.9,0.9,0.9
467500.0,0.9,0.9,0.9
468000.0,0.9,0.9,0.9
468500.0,0.9,0.9,0.9
469000.0,0.9,0.9,0.9
469500.0,0.9,0.9,0.9
470000.0,0.9,0.9,0.9
470500.0,0.9,0.9,0.9
471000.0,0.9,0.9,0.9
471500.0,0.9,0.9,0.9
472000.0,0.9,0.9,0.9
472500.0,0.9,0.9,0.9
473000.0,0.9,0.9,0.9
473500.0,0.9,0.9,0.9
474000.0,0.9,0.9,0.9
474500.0,0.9,0.9,0.9
475000.0,0.9,0.9,0.9
475500.0,0.9,0.9,0.9
476000.0,0.9,0.9,0.9
476500.0,0.9,0.9,0.9
477000.0,0.9,0.9,0.9
477500.0,0.9,0.9,0.9
478000.0,0.9,0.9,0.9
478500.0,0.9,0.9,0.9
479000.0,0.9,0.9,0.9
479500.0,0.9,0.9,0.9
480000.0,0.9,0.9,0.9
480500.0,0.9,0.9,0.9
481000.0,0.9,0.9,0.9
481500.0,0.9,0.9,0.9
482000.0,0.9,0.9,0.9
482500.0,0.9,0.9,0.9
483000.0,0.9,0.9,0.9
483500.0,0.9,0.9,0.9
484000.0,0.9,0.9,0.9
484500.0,0.9,0.9,0.9
485000.0,0.9,0.9,0.9
485500.0,0.9,0.9,0.9
486000.0,0.9,0.9,0.9
486500.0,0.9,0.9,0.9
487000.0,0.9,0.9,0.9
487500.0,0.9,0.9,0.9
488000.0,0.9,0.9,0.9
488500.0,0.9,0.9,0.9
489000.0,0.9,0.9,0.9
489500.0,0.9,0.9,0.9
490000.0,0.9,0.9,0.9
490500.0,0.9,0.9,0.9
491000.0,0.9,0.9,0.9
491500.0,0.9,0.9,0.9
492000.0,0.9,0.9,0.9
492500.0,0.9,0.9,0.9
493000.0,0.9,0.9,0.9
493500.0,0.9,0.9,0.9
494000.0,0.9,0.9,0.9
494500.0,0.9,0.9,0.9
495000.0,0.9,0.9,0.9
495500.0,0.9,0.9,0.9
496000.0,0.9,0.9,0.9
496500.0,0.9,0.9,0.9
497000.0,0.9,0.9,0.9
497500.0,0.9,0.9,0.9
498000.0,0.9,0.9,0.9
498500.0,0.9,0.9,0.9
499000.0,0.9,0.9,0.9
499500.0,0.9,0.9,0.9
500000.0,0.9,0.9,0.9
500500.0,0.9,0.9,0.9
501000.0,0.9,0.9,0.9
501500.0,0.9,0.9,0.9
502000.0,0.9,0.9,0.9
502500.0,0.9,0.9,0.9
503000.0,0.9,0.9,0.9
503500.0,0.9,0.9,0.9
504000.0,0.9,0.9,0.9
504500.0,0.9,0.9,0.9
505000.0,0.9,0.9,0.9
505500.0,0.9,0.9,0.9
506000.0,0.9,0.9,0.9
506500.0,0.9,0.9,0.9
507000.0,0.9,0.9,0.9
507500.0,0.9,0.9,0.9
508000.0,0.9,0.9,0.9
508500.0,0.9,0.9,0.9
509000.0,0.9,0.9,0.9
509500.0,0.9,0.9,0.9
510000.0,0.9,0.9,0.9
510500.0,0.9,0.9,0.9
511000.0,0.9,0.9,0.9
511500.0,0.9,0.9,0.9
512000.0,0.9,0.9,0.9
512500.0,0.9,0.9,0.9
513000.0,0.9,0.9,0.9
513500.0,0.9,0.9,0.9
514000.0,0.9,0.9,0.9
514500.0,0.9,0.9,0.9
515000.0,0.9,0.9,0.9
515500.0,0.9,0.9,0.9
516000.0,0.9,0.9,0.9
516500.0,0.9,0.9,0.9
517000.0,0.9,0.9,0.9
517500.0,0.9,0.9,0.9
518000.0,0.9,0.9,0.9
518500.0,0.9,0.9,0.9
519000.0,0.9,0.9,0.9
519500.0,0.9,0.9,0.9
520000.0,0.9,0.9,0.9
520500.0,0.9,0.9,0.9
521000.0,0.9,0.9,0.9
521500.0,0.9,0.9,0.9
522000.0,0.9,0.9,0.9
522500.0,0.9,0.9,0.9
523000.0,0.9,0.9,0.9
523500.0,0.9,0.9,0.9
524000.0,0.9,0.9,0.9
524500.0,0.9,0.9,0.9
525000.0,0.9,0.9,0.9
525500.0,0.9,0.9,0.9
526000.0,0.9,0.9,0.9
526500.0,0.9,0.9,0.9
527000.0,0.9,0.9,0.9
527500.0,0.9,0.9,0.9
528000.0,0.9,0.9,0.9
528500.0,0.9,0.9,0.9
529000.0,0.9,0.9,0.9
529500.0,0.9,0.9,0.9
530000.0,0.9,0.9,0.9
530500.0,0.9,0.9,0.9
531000.0,0.9,0.9,0.9
531500.0,0.9,0.9,0.9
532000.0,0.9,0.9,0.9
532500.0,0.9,0.9,0.9
533000.0,0.9,0.9,0.9
533500.0,0.9,0.9,0.9
534000.0,0.9,0.9,0.9
534500.0,0.9,0.9,0.9
535000.0,0.9,0.9,0.9
535500.0,0.9,0.9,0.9
536000.0,0.9,0.9,0.9
536500.0,0.9,0.9,0.9
537000.0,0.9,0.9,0.9
537500.0,0.9,0.9,0.9
538000.0,0.9,0.9,0.9
538500.0,0.9,0.9,0.9
539000.0,0.9,0.9,0.9
539500.0,0.9,0.9,0.9
540000.0,0.9,0.9,0.9
540500.0,0.9,0.9,0.9
541000.0,0.9,0.9,0.9
541500.0,0.9,0.9,0.9
542000.0,0.9,0.9,0.9
542500.0,0.9,0.9,0.9
543000.0,0.9,0.9,0.9
543500.0,0.9,0.9,0.9
544000.0,0.9,0.9,0.9
544500.0,0.9,0.9,0.9
545000.0,0.9,0.9,0.9
545500.0,0.9,0.9,0.9
546000.0,0.9,0.9,0.9
546500.0,0.9,0.9,0.9
547000.0,0.9,0.9,0.9
547500.0,0.9,0.9,0.9
548000.0,0.9,0.9,0.9
548500.0,0.9,0.9,0.9
549000.0,0.9,0.9,0.9
549500.0,0.9,0.9,0.9
550000.0,0.9,0.9,0.9
550500.0,0.9,0.9,0.9
551000.0,0.9,0.9,0.9
551500.0,0.9,0.9,0.9
552000.0,0.9,0.9,0.9
552500.0,0.9,0.9,0.9
553000.0,0.9,0.9,0.9
553500.0,0.9,0.9,0.9
554000.0,0.9,0.9,0.9
554500.0,0.9,0.9,0.9
555000.0,0.9,0.9,0.9
555500.0,0.9,0.9,0.9
556000.0,0.9,0.9,0.9
556500.0,0.9,0.9,0.9
557000.0,0.9,0.9,0.9
557500.0,0.9,0.9,0.9
558000.0,0.9,0.9,0.9
558500.0,0.9,0.9,0.9
559000.0,0.9,0.9,0.9
559500.0,0.9,0.9,0.9
560000.0,0.9,0.9,0.9
560500.0,0.9,0.9,0.9
561000.0,0.9,0.9,0.9
561500.0,0.9,0.9,0.9
562000.0,0.9,0.9,0.9
562500.0,0.9,0.9,0.9
563000.0,0.9,0.9,0.9
563500.0,0.9,0.9,0.9
564000.0,0.9,0.9,0.9
564500.0,0.9,0.9,0.9
565000.0,0.9,0.9,0.9
565500.0,0.9,0.9,0.9
566000.0,0.9,0.9,0.9
566500.0,0.9,0.9,0.9
567000.0,0.9,0.9,0.9
567500.0,0.9,0.9,0.9
568000.0,0.9,0.9,0.9
568500.0,0.9,0.9,0.9
569000.0,0.9,0.9,0.9
569500.0,0.9,0.9,0.9
570000.0,0.9,0.9,0.9
570500.0,0.9,0.9,0.9
571000.0,0.9,0.9,0.9
571500.0,0.9,0.9,0.9
572000.0,0.9,0.9,0.9
572500.0,0.9,0.9,0.9
573000.0,0.9,0.9,0.9
573500.0,0.9,0.9,0.9
574000.0,0.9,0.9,0.9
574500.0,0.9,0.9,0.9
575000.0,0.9,0.9,0.9
575500.0,0.9,0.9,0.9
576000.0,0.9,0.9,0.9
576500.0,0.9,0.9,0.9
577000.0,0.9,0.9,0.9
577500.0,0.9,0.9,0.9
578000.0,0.9,0.9,0.9
578500.0,0.9,0.9,0.9
579000.0,0.9,0.9,0.9
579500.0,0.9,0.9,0.9
580000.0,0.9,0.9,0.9
580500.0,0.9,0.9,0.9
581000.0,0.9,0.9,0.9
581500.0,0.9,0.9,0.9
582000.0,0.9,0.9,0.9
582500.0,0.9,0.9,0.9
583000.0,0.9,0.9,0.9
583500.0,0.9,0.9,0.9
584000.0,0.9,0.9,0.9
584500.0,0.9,0.9,0.9
585000.0,0.9,0.9,0.9
585500.0,0.9,0.9,0.9
586000.0,0.9,0.9,0.9
586500.0,0.9,0.9,0.9
587000.0,0.9,0.9,0.9
587500.0,0.9,0.9,0.9
588000.0,0.9,0.9,0.9
588500.0,0.9,0.9,0.9
589000.0,0.9,0.9,0.9
589500.0,0.9,0.9,0.9
590000.0,0.9,0.9,0.9
590500.0,0.9,0.9,0.9
591000.0,0.9,0.9,0.9
591500.0,0.9,0.9,0.9
592000.0,0.9,0.9,0.9
592500.0,0.9,0.9,0.9
593000.0,0.9,0.9,0.9
593500.0,0.9,0.9,0.9
594000.0,0.9,0.9,0.9
594500.0,0.9,0.9,0.9
595000.0,0.9,0.9,0.9
595500.0,0.9,0.9,0.9
596000.0,0.9,0.9,0.9
596500.0,0.9,0.9,0.9
597000.0,0.9,0.9,0.9
597500.0,0.9,0.9,0.9
598000.0,0.9,0.9,0.9
598500.0,0.9,0.9,0.9
599000.0,0.9,0.9,0.9
599500.0,0.9,0.9,0.9
600000.0,0.9,0.9,0.9
600500.0,0.9,0.9,0.9
601000.0,0.9,0.9,0.9
601500.0,0.9,0.9,0.9
602000.0,0.9,0.9,0.9
602500.0,0.9,0.9,0.9
603000.0,0.9,0.9,0.9
603500.0,0.9,0.9,0.9
604000.0,0.9,0.9,0.9
604500.0,0.9,0.9,0.9
605000.0,0.9,0.9,0.9
605500.0,0.9,0.9,0.9
606000.0,0.9,0.9,0.9
606500.0,0.9,0.9,0.9
607000.0,0.9,0.9,0.9
607500.0,0.9,0.9,0.9
608000.0,0.9,0.9,0.9
608500.0,0.9,0.9,0.9
609000.0,0.9,0.9,0.9
609500.0,0.9,0.9,0.9
610000.0,0.9,0.9,0.9
610500.0,0.9,0.9,0.9
611000.0,0.9,0.9,0.9
611500.0,0.9,0.9,0.9
612000.0,0.9,0.9,0.9
612500.0,0.9,0.9,0.9
613000.0,0.9,0.9,0.9
613500.0,0.9,0.9,0.9
614000.0,0.9,0.9,0.9
614500.0,0.9,0.9,0.9
615000.0,0.9,0.9,0.9
615500.0,0.9,0.9,0.9
616000.0,0.9,0.9,0.9
616500.0,0.9,0.9,0.9
617000.0,0.9,0.9,0.9
617500.0,0.9,0.9,0.9
618000.0,0.9,0.9,0.9
618500.0,0.9,0.9,0.9
619000.0,0.9,0.9,0.9
619500.0,0.9,0.9,0.9
620000.0,0.9,0.9,0.9
620500.0,0.9,0.9,0.9
621000.0,0.9,0.9,0.9
621500.0,0.9,0.9,0.9
622000.0,0.9,0.9,0.9
622500.0,0.9,0.9,0.9
623000.0,0.9,0.9,0.9
623500.0,0.9,0.9,0.9
624000.0,0.9,0.9,0.9
624500.0,0.9,0.9,0.9
625000.0,0.9,0.9,0.9
625500.0,0.9,0.9,0.9
626000.0,0.9,0.9,0.9
626500.0,0.9,0.9,0.9
627000.0,0.9,0.9,0.9
627500.0,0.9,0.9,0.9
628000.0,0.9,0.9,0.9
628500.0,0.9,0.9,0.9
629000.0,0.9,0.9,0.9
629500.0,0.9,0.9,0.9
630000.0,0.9,0.9,0.9
630500.0,0.9,0.9,0.9
631000.0,0.9,0.9,0.9
631500.0,0.9,0.9,0.9
632000.0,0.9,0.9,0.9
632500.0,0.9,0.9,0.9
633000.0,0.9,0.9,0.9
633500.0,0.9,0.9,0.9
634000.0,0.9,0.9,0.9
634500.0,0.9,0.9,0.9
635000.0,0.9,0.9,0.9
635500.0,0.9,0.9,0.9
636000.0,0.9,0.9,0.9
636500.0,0.9,0.9,0.9
637000.0,0.9,0.9,0.9
637500.0,0.9,0.9,0.9
638000.0,0.9,0.9,0.9
638500.0,0.9,0.9,0.9
639000.0,0.9,0.9,0.9
639500.0,0.9,0.9,0.9
640000.0,0.9,0.9,0.9
640500.0,0.9,0.9,0.9
641000.0,0.9,0.9,0.9
641500.0,0.9,0.9,0.9
642000.0,0.9,0.9,0.9
642500.0,0.9,0.9,0.9
643000.0,0.9,0.9,0.9
643500.0,0.9,0.9,0.9
644000.0,0.9,0.9,0.9
644500.0,0.9,0.9,0.9
645000.0,0.9,0.9,0.9
645500.0,0.9,0.9,0.9
646000.0,0.9,0.9,0.9
646500.0,0.9,0.9,0.9
647000.0,0.9,0.9,0.9
647500.0,0.9,0.9,0.9
648000.0,0.9,0.9,0.9
648500.0,0.9,0.9,0.9
649000.0,0.9,0.9,0.9
649500.0,0.9,0.9,0.9
650000.0,0.9,0.9,0.9
650500.0,0.9,0.9,0.9
651000.0,0.9,0.9,0.9
651500.0,0.9,0.9,0.9
652000.0,0.9,0.9,0.9
652500.0,0.9,0.9,0.9
653000.0,0.9,0.9,0.9
653500.0,0.9,0.9,0.9
654000.0,0.9,0.9,0.9
654500.0,0.9,0.9,0.9
655000.0,0.9,0.9,0.9
655500.0,0.9,0.9,0.9
656000.0,0.9,0.9,0.9
656500.0,0.9,0.9,0.9
657000.0,0.9,0.9,0.9
657500.0,0.9,0.9,0.9
658000.0,0.9,0.9,0.9
658500.0,0.9,0.9,0.9
659000.0,0.9,0.9,0.9
659500.0,0.9,0.9,0.9
660000.0,0.9,0.9,0.9
660500.0,0.9,0.9,0.9
661000.0,0.9,0.9,0.9
661500.0,0.9,0.9,0.9
662000.0,0.9,0.9,0.9
662500.0,0.9,0.9,0.9
663000.0,0.9,0.9,0.9
663500.0,0.9,0.9,0.9
664000.0,0.9,0.9,0.9
664500.0,0.9,0.9,0.9
665000.0,0.9,0.9,0.9
665500.0,0.9,0.9,0.9
666000.0,0.9,0.9,0.9
666500.0,0.9,0.9,0.9
667000.0,0.9,0.9,0.9
667500.0,0.9,0.9,0.9
668000.0,0.9,0.9,0.9
668500.0,0.9,0.9,0.9
669000.0,0.9,0.9,0.9
669500.0,0.9,0.9,0.9
670000.0,0.9,0.9,0.9
670500.0,0.9,0.9,0.9
671000.0,0.9,0.9,0.9
671500.0,0.9,0.9,0.9
672000.0,0.9,0.9,0.9
672500.0,0.9,0.9,0.9
673000.0,0.9,0.9,0.9
673500.0,0.9,0.9,0.9
674000.0,0.9,0.9,0.9
674500.0,0.9,0.9,0.9
675000.0,0.9,0.9,0.9
675500.0,0.9,0.9,0.9
676000.0,0.9,0.9,0.9
676500.0,0.9,0.9,0.9
677000.0,0.9,0.9,0.9
677500.0,0.9,0.9,0.9
678000.0,0.9,0.9,0.9
678500.0,0.9,0.9,0.9
679000.0,0.9,0.9,0.9
679500.0,0.9,0.9,0.9
680000.0,0.9,0.9,0.9
680500.0,0.9,0.9,0.9
681000.0,0.9,0.9,0.9
681500.0,0.9,0.9,0.9
682000.0,0.9,0.9,0.9
682500.0,0.9,0.9,0.9
683000.0,0.9,0.9,0.9
683500.0,0.9,0.9,0.9
684000.0,0.9,0.9,0.9
684500.0,0.9,0.9,0.9
685000.0,0.9,0.9,0.9
685500.0,0.9,0.9,0.9
686000.0,0.9,0.9,0.9
686500.0,0.9,0.9,0.9
687000.0,0.9,0.9,0.9
687500.0,0.9,0.9,0.9
688000.0,0.9,0.9,0.9
688500.0,0.9,0.9,0.9
689000.0,0.9,0.9,0.9
689500.0,0.9,0.9,0.9
690000.0,0.9,0.9,0.9
690500.0,0.9,0.9,0.9
691000.0,0.9,0.9,0.9
691500.0,0.9,0.9,0.9
692000.0,0.9,0.9,0.9
692500.0,0.9,0.9,0.9
693000.0,0.9,0.9,0.9
693500.0,0.9,0.9,0.9
694000.0,0.9,0.9,0.9
694500.0,0.9,0.9,0.9
695000.0,0.9,0.9,0.9
695500.0,0.9,0.9,0.9
696000.0,0.9,0.9,0.9
696500.0,0.9,0.9,0.9
697000.0,0.9,0.9,0.9
697500.0,0.9,0.9,0.9
698000.0,0.9,0.9,0.9
698500.0,0.9,0.9,0.9
699000.0,0.9,0.9,0.9
699500.0,0.9,0.9,0.9
700000.0,0.9,0.9,0.9
700500.0,0.9,0.9,0.9
701000.0,0.9,0.9,0.9
701500.0,0.9,0.9,0.9
702000.0,0.9,0.9,0.9
702500.0,0.9,0.9,0.9
703000.0,0.9,0.9,0.9
703500.0,0.9,0.9,0.9
704000.0,0.9,0.9,0.9
704500.0,0.9,0.9,0.9
705000.0,0.9,0.9,0.9
705500.0,0.9,0.9,0.9
706000.0,0.9,0.9,0.9
706500.0,0.9,0.9,0.9
707000.0,0.9,0.9,0.9
707500.0,0.9,0.9,0.9
708000.0,0.9,0.9,0.9
708500.0,0.9,0.9,0.9
709000.0,0.9,0.9,0.9
709500.0,0.9,0.9,0.9
710000.0,0.9,0.9,0.9
710500.0,0.9,0.9,0.9
711000.0,0.9,0.9,0.9
711500.0,0.9,0.9,0.9
712000.0,0.9,0.9,0.9
712500.0,0.9,0.9,0.9
713000.0,0.9,0.9,0.9
713500.0,0.9,0.9,0.9
714000.0,0.9,0.9,0.9
714500.0,0.9,0.9,0.9
715000.0,0.9,0.9,0.9
715500.0,0.9,0.9,0.9
716000.0,0.9,0.9,0.9
716500.0,0.9,0.9,0.9
717000.0,0.9,0.9,0.9
717500.0,0.9,0.9,0.9
718000.0,0.9,0.9,0.9
718500.0,0.9,0.9,0.9
719000.0,0.9,0.9,0.9
719500.0,0.9,0.9,0.9
720000.0,0.9,0.9,0.9
720500.0,0.9,0.9,0.9
721000.0,0.9,0.9,0.9
721500.0,0.9,0.9,0.9
722000.0,0.9,0.9,0.9
722500.0,0.9,0.9,0.9
723000.0,0.9,0.9,0.9
723500.0,0.9,0.9,0.9
724000.0,0.9,0.9,0.9
724500.0,0.9,0.9,0.9
725000.0,0.9,0.9,0.9
725500.0,0.9,0.9,0.9
726000.0,0.9,0.9,0.9
726500.0,0.9,0.9,0.9
727000.0,0.9,0.9,0.9
727500.0,0.9,0.9,0.9
728000.0,0.9,0.9,0.9
728500.0,0.9,0.9,0.9
729000.0,0.9,0.9,0.9
729500.0,0.9,0.9,0.9
730000.0,0.9,0.9,0.9
730500.0,0.9,0.9,0.9
731000.0,0.9,0.9,0.9
731500.0,0.9,0.9,0.9
732000.0,0.9,0.9,0.9
732500.0,0.9,0.9,0.9
733000.0,0.9,0.9,0.9
733500.0,0.9,0.9,0.9
734000.0,0.9,0.9,0.9
734500.0,0.9,0.9,0.9
735000.0,0.9,0.9,0.9
735500.0,0.9,0.9,0.9
736000.0,0.9,0.9,0.9
736500.0,0.9,0.9,0.9
737000.0,0.9,0.9,0.9
737500.0,0.9,0.9,0.9
738000.0,0.9,0.9,0.9
738500.0,0.9,0.9,0.9
739000.0,0.9,0.9,0.9
739500.0,0.9,0.9,0.9
740000.0,0.9,0.9,0.9
740500.0,0.9,0.9,0.9
741000.0,0.9,0.9,0.9
741500.0,0.9,0.9,0.9
742000.0,0.9,0.9,0.9
742500.0,0.9,0.9,0.9
743000.0,0.9,0.9,0.9
743500.0,0.9,0.9,0.9
744000.0,0.9,0.9,0.9
744500.0,0.9,0.9,0.9
745000.0,0.9,0.9,0.9
745500.0,0.9,0.9,0.9
746000.0,0.9,0.9,0.9
746500.0,0.9,0.9,0.9
747000.0,0.9,0.9,0.9
747500.0,0.9,0.9,0.9
748000.0,0.9,0.9,0.9
748500.0,0.9,0.9,0.9
749000.0,0.9,0.9,0.9
749500.0,0.9,0.9,0.9
750000.0,0.9,0.9,0.9
750500.0,0.9,0.9,0.9
751000.0,0.9,0.9,0.9
751500.0,0.9,0.9,0.9
752000.0,0.9,0.9,0.9
752500.0,0.9,0.9,0.9
753000.0,0.9,0.9,0.9
753500.0,0.9,0.9,0.9
754000.0,0.9,0.9,0.9
754500.0,0.9,0.9,0.9
755000.0,0.9,0.9,0.9
755500.0,0.9,0.9,0.9
756000.0,0.9,0.9,0.9
756500.0,0.9,0.9,0.9
757000.0,0.9,0.9,0.9
757500.0,0.9,0.9,0.9
758000.0,0.9,0.9,0.9
758500.0,0.9,0.9,0.9
759000.0,0.9,0.9,0.9
759500.0,0.9,0.9,0.9
760000.0,0.9,0.9,0.9
760500.0,0.9,0.9,0.9
761000.0,0.9,0.9,0.9
761500.0,0.9,0.9,0.9
762000.0,0.9,0.9,0.9
762500.0,0.9,0.9,0.9
763000.0,0.9,0.9,0.9
763500.0,0.9,0.9,0.9
764000.0,0.9,0.9,0.9
764500.0,0.9,0.9,0.9
765000.0,0.9,0.9,0.9
765500.0,0.9,0.9,0.9
766000.0,0.9,0.9,0.9
766500.0,0.9,0.9,0.9
767000.0,0.9,0.9,0.9
767500.0,0.9,0.9,0.9
768000.0,0.9,0.9,0.9
768500.0,0.9,0.9,0.9
769000.0,0.9,0.9,0.9
769500.0,0.9,0.9,0.9
770000.0,0.9,0.9,0.9
770500.0,0.9,0.9,0.9
771000.0,0.9,0.9,0.9
771500.0,0.9,0.9,0.9
772000.0,0.9,0.9,0.9
772500.0,0.9,0.9,0.9
773000.0,0.9,0.9,0.9
773500.0,0.9,0.9,0.9
774000.0,0.9,0.9,0.9
774500.0,0.9,0.9,0.9
775000.0,0.9,0.9,0.9
775500.0,0.9,0.9,0.9
776000.0,0.9,0.9,0.9
776500.0,0.9,0.9,0.9
777000.0,0.9,0.9,0.9
777500.0,0.9,0.9,0.9
778000.0,0.9,0.9,0.9
778500.0,0.9,0.9,0.9
779000.0,0.9,0.9,0.9
779500.0,0.9,0.9,0.9
780000.0,0.9,0.9,0.9
780500.0,0.9,0.9,0.9
781000.0,0.9,0.9,0.9
781500.0,0.9,0.9,0.9
782000.0,0.9,0.9,0.9
782500.0,0.9,0.9,0.9
783000.0,0.9,0.9,0.9
783500.0,0.9,0.9,0.9
784000.0,0.9,0.9,0.9
784500.0,0.9,0.9,0.9
785000.0,0.9,0.9,0.9
785500.0,0.9,0.9,0.9
786000.0,0.9,0.9,0.9
786500.0,0.9,0.9,0.9
787000.0,0.9,0.9,0.9
787500.0,0.9,0.9,0.9
788000.0,0.9,0.9,0.9
788500.0,0.9,0.9,0.9
789000.0,0.9,0.9,0.9
789500.0,0.9,0.9,0.9
790000.0,0.9,0.9,0.9
790500.0,0.9,0.9,0.9
791000.0,0.9,0.9,0.9
791500.0,0.9,0.9,0.9
792000.0,0.9,0.9,0.9
792500.0,0.9,0.9,0.9
793000.0,0.9,0.9,0.9
793500.0,0.9,0.9,0.9
794000.0,0.9,0.9,0.9
794500.0,0.9,0.9,0.9
795000.0,0.9,0.9,0.9
795500.0,0.9,0.9,0.9
796000.0,0.9,0.9,0.9
796500.0,0.9,0.9,0.9
797000.0,0.9,0.9,0.9
797500.0,0.9,0.9,0.9
798000.0,0.9,0.9,0.9
798500.0,0.9,0.9,0.9
799000.0,0.9,0.9,0.9
799500.0,0.9,0.9,0.9
800000.0,0.9,0.9,0.9
800500.0,0.9,0.9,0.9
801000.0,0.9,0.9,0.9
801500.0,0.9,0.9,0.9
802000.0,0.9,0.9,0.9
802500.0,0.9,0.9,0.9
803000.0,0.9,0.9,0.9
803500.0,0.9,0.9,0.9
804000.0,0.9,0.9,0.9
804500.0,0.9,0.9,0.9
805000.0,0.9,0.9,0.9
805500.0,0.9,0.9,0.9
806000.0,0.9,0.9,0.9
806500.0,0.9,0.9,0.9
807000.0,0.9,0.9,0.9
807500.0,0.9,0.9,0.9
808000.0,0.9,0.9,0.9
808500.0,0.9,0.9,0.9
809000.0,0.9,0.9,0.9
809500.0,0.9,0.9,0.9
810000.0,0.9,0.9,0.9
810500.0,0.9,0.9,0.9
811000.0,0.9,0.9,0.9
811500.0,0.9,0.9,0.9
812000.0,0.9,0.9,0.9
812500.0,0.9,0.9,0.9
813000.0,0.9,0.9,0.9
813500.0,0.9,0.9,0.9
814000.0,0.9,0.9,0.9
814500.0,0.9,0.9,0.9
815000.0,0.9,0.9,0.9
815500.0,0.9,0.9,0.9
816000.0,0.9,0.9,0.9
816500.0,0.9,0.9,0.9
817000.0,0.9,0.9,0.9
817500.0,0.9,0.9,0.9
818000.0,0.9,0.9,0.9
818500.0,0.9,0.9,0.9
819000.0,0.9,0.9,0.9
819500.0,0.9,0.9,0.9
820000.0,0.9,0.9,0.9
820500.0,0.9,0.9,0.9
821000.0,0.9,0.9,0.9
821500.0,0.9,0.9,0.9
822000.0,0.9,0.9,0.9
822500.0,0.9,0.9,0.9
823000.0,0.9,0.9,0.9
823500.0,0.9,0.9,0.9
824000.0,0.9,0.9,0.9
824500.0,0.9,0.9,0.9
825000.0,0.9,0.9,0.9
825500.0,0.9,0.9,0.9
826000.0,0.9,0.9,0.9
826500.0,0.9,0.9,0.9
827000.0,0.9,0.9,0.9
827500.0,0.9,0.9,0.9
828000.0,0.9,0.9,0.9
828500.0,0.9,0.9,0.9
829000.0,0.9,0.9,0.9
829500.0,0.9,0.9,0.9
830000.0,0.9,0.9,0.9
830500.0,0.9,0.9,0.9
831000.0,0.9,0.9,0.9
831500.0,0.9,0.9,0.9
832000.0,0.9,0.9,0.9
832500.0,0.9,0.9,0.9
833000.0,0.9,0.9,0.9
833500.0,0.9,0.9,0.9
834000.0,0.9,0.9,0.9
834500.0,0.9,0.9,0.9
835000.0,0.9,0.9,0.9
835500.0,0.9,0.9,0.9
836000.0,0.9,0.9,0.9
836500.0,0.9,0.9,0.9
837000.0,0.9,0.9,0.9
837500.0,0.9,0.9,0.9
838000.0,0.9,0.9,0.9
838500.0,0.9,0.9,0.9
839000.0,0.9,0.9,0.9
839500.0,0.9,0.9,0.9
840000.0,0.9,0.9,0.9
840500.0,0.9,0.9,0.9
841000.0,0.9,0.9,0.9
841500.0,0.9,0.9,0.9
842000.0,0.9,0.9,0.9
842500.0,0.9,0.9,0.9
843000.0,0.9,0.9,0.9
843500.0,0.9,0.9,0.9
844000.0,0.9,0.9,0.9
844500.0,0.9,0.9,0.9
845000.0,0.9,0.9,0.9
845500.0,0.9,0.9,0.9
846000.0,0.9,0.9,0.9
846500.0,0.9,0.9,0.9
847000.0,0.9,0.9,0.9
847500.0,0.9,0.9,0.9
848000.0,0.9,0.9,0.9
848500.0,0.9,0.9,0.9
849000.0,0.9,0.9,0.9
849500.0,0.9,0.9,0.9
850000.0,0.9,0.9,0.9
850500.0,0.9,0.9,0.9
851000.0,0.9,0.9,0.9
851500.0,0.9,0.9,0.9
852000.0,0.9,0.9,0.9
852500.0,0.9,0.9,0.9
853000.0,0.9,0.9,0.9
853500.0,0.9,0.9,0.9
854000.0,0.9,0.9,0.9
854500.0,0.9,0.9,0.9
855000.0,0.9,0.9,0.9
855500.0,0.9,0.9,0.9
856000.0,0.9,0.9,0.9
856500.0,0.9,0.9,0.9
857000.0,0.9,0.9,0.9
857500.0,0.9,0.9,0.9
858000.0,0.9,0.9,0.9
858500.0,0.9,0.9,0.9
859000.0,0.9,0.9,0.9
859500.0,0.9,0.9,0.9
860000.0,0.9,0.9,0.9
860500.0,0.9,0.9,0.9
861000.0,0.9,0.9,0.9
861500.0,0.9,0.9,0.9
862000.0,0.9,0.9,0.9
862500.0,0.9,0.9,0.9
863000.0,0.9,0.9,0.9
863500.0,0.9,0.9,0.9
864000.0,0.9,0.9,0.9
864500.0,0.9,0.9,0.9
865000.0,0.9,0.9,0.9
865500.0,0.9,0.9,0.9
866000.0,0.9,0.9,0.9
866500.0,0.9,0.9,0.9
867000.0,0.9,0.9,0.9
867500.0,0.9,0.9,0.9
868000.0,0.9,0.9,0.9
868500.0,0.9,0.9,0.9
869000.0,0.9,0.9,0.9
869500.0,0.9,0.9,0.9
870000.0,0.9,0.9,0.9
870500.0,0.9,0.9,0.9
871000.0,0.9,0.9,0.9
871500.0,0.9,0.9,0.9
872000.0,0.9,0.9,0.9
872500.0,0.9,0.9,0.9
873000.0,0.9,0.9,0.9
873500.0,0.9,0.9,0.9
874000.0,0.9,0.9,0.9
874500.0,0.9,0.9,0.9
875000.0,0.9,0.9,0.9
875500.0,0.9,0.9,0.9
876000.0,0.9,0.9,0.9
876500.0,0.9,0.9,0.9
877000.0,0.9,0.9,0.9
877500.0,0.9,0.9,0.9
878000.0,0.9,0.9,0.9
878500.0,0.9,0.9,0.9
879000.0,0.9,0.9,0.9
879500.0,0.9,0.9,0.9
880000.0,0.9,0.9,0.9
880500.0,0.9,0.9,0.9
881000.0,0.9,0.9,0.9
881500.0,0.9,0.9,0.9
882000.0,0.9,0.9,0.9
882500.0,0.9,0.9,0.9
883000.0,0.9,0.9,0.9
883500.0,0.9,0.9,0.9
884000.0,0.9,0.9,0.9
884500.0,0.9,0.9,0.9
885000.0,0.9,0.9,0.9
885500.0,0.9,0.9,0.9
886000.0,0.9,0.9,0.9
886500.0,0.9,0.9,0.9
887000.0,0.9,0.9,0.9
887500.0,0.9,0.9,0.9
888000.0,0.9,0.9,0.9
888500.0,0.9,0.9,0.9
889000.0,0.9,0.9,0.9
889500.0,0.9,0.9,0.9
890000.0,0.9,0.9,0.9
890500.0,0.9,0.9,0.9
891000.0,0.9,0.9,0.9
891500.0,0.9,0.9,0.9
892000.0,0.9,0.9,0.9
892500.0,0.9,0.9,0.9
893000.0,0.9,0.9,0.9
893500.0,0.9,0.9,0.9
894000.0,0.9,0.9,0.9
894500.0,0.9,0.9,0.9
895000.0,0.9,0.9,0.9
895500.0,0.9,0.9,0.9
896000.0,0.9,0.9,0.9
896500.0,0.9,0.9,0.9
897000.0,0.9,0.9,0.9
897500.0,0.9,0.9,0.9
898000.0,0.9,0.9,0.9
898500.0,0.9,0.9,0.9
899000.0,0.9,0.9,0.9
899500.0,0.9,0.9,0.9
900000.0,0.9,0.9,0.9
900500.0,0.9,0.9,0.9
901000.0,0.9,0.9,0.9
901500.0,0.9,0.9,0.9
902000.0,0.9,0.9,0.9
902500.0,0.9,0.9,0.9
903000.0,0.9,0.9,0.9
903500.0,0.9,0.9,0.9
904000.0,0.9,0.9,0.9
904500.0,0.9,0.9,0.9
905000.0,0.9,0.9,0.9
905500.0,0.9,0.9,0.9
906000.0,0.9,0.9,0.9
906500.0,0.9,0.9,0.9
907000.0,0.9,0.9,0.9
907500.0,0.9,0.9,0.9
908000.0,0.9,0.9,0.9
908500.0,0.9,0.9,0.9
909000.0,0.9,0.9,0.9
909500.0,0.9,0.9,0.9
910000.0,0.9,0.9,0.9
910500.0,0.9,0.9,0.9
911000.0,0.9,0.9,0.9
911500.0,0.9,0.9,0.9
912000.0,0.9,0.9,0.9
912500.0,0.9,0.9,0.9
913000.0,0.9,0.9,0.9
913500.0,0.9,0.9,0.9
914000.0,0.9,0.9,0.9
914500.0,0.9,0.9,0.9
915000.0,0.9,0.9,0.9
915500.0,0.9,0.9,0.9
916000.0,0.9,0.9,0.9
916500.0,0.9,0.9,0.9
917000.0,0.9,0.9,0.9
917500.0,0.9,0.9,0.9
918000.0,0.9,0.9,0.9
918500.0,0.9,0.9,0.9
919000.0,0.9,0.9,0.9
919500.0,0.9,0.9,0.9
920000.0,0.9,0.9,0.9
920500.0,0.9,0.9,0.9
921000.0,0.9,0.9,0.9
921500.0,0.9,0.9,0.9
922000.0,0.9,0.9,0.9
922500.0,0.9,0.9,0.9
923000.0,0.9,0.9,0.9
923500.0,0.9,0.9,0.9
924000.0,0.9,0.9,0.9
924500.0,0.9,0.9,0.9
925000.0,0.9,0.9,0.9
925500.0,0.9,0.9,0.9
926000.0,0.9,0.9,0.9
926500.0,0.9,0.9,0.9
927000.0,0.9,0.9,0.9
927500.0,0.9,0.9,0.9
928000.0,0.9,0.9,0.9
928500.0,0.9,0.9,0.9
929000.0,0.9,0.9,0.9
929500.0,0.9,0.9,0.9
930000.0,0.9,0.9,0.9
930500.0,0.9,0.9,0.9
931000.0,0.9,0.9,0.9
931500.0,0.9,0.9,0.9
932000.0,0.9,0.9,0.9
932500.0,0.9,0.9,0.9
933000.0,0.9,0.9,0.9
933500.0,0.9,0.9,0.9
934000.0,0.9,0.9,0.9
934500.0,0.9,0.9,0.9
935000.0,0.9,0.9,0.9
935500.0,0.9,0.9,0.9
936000.0,0.9,0.9,0.9
936500.0,0.9,0.9,0.9
937000.0,0.9,0.9,0.9
937500.0,0.9,0.9,0.9
938000.0,0.9,0.9,0.9
938500.0,0.9,0.9,0.9
939000.0,0.9,0.9,0.9
939500.0,0.9,0.9,0.9
940000.0,0.9,0.9,0.9
940500.0,0.9,0.9,0.9
941000.0,0.9,0.9,0.9
941500.0,0.9,0.9,0.9
942000.0,0.9,0.9,0.9
942500.0,0.9,0.9,0.9
943000.0,0.9,0.9,0.9
943500.0,0.9,0.9,0.9
944000.0,0.9,0.9,0.9
944500.0,0.9,0.9,0.9
945000.0,0.9,0.9,0.9
945500.0,0.9,0.9,0.9
946000.0,0.9,0.9,0.9
946500.0,0.9,0.9,0.9
947000.0,0.9,0.9,0.9
947500.0,0.9,0.9,0.9
948000.0,0.9,0.9,0.9
948500.0,0.9,0.9,0.9
949000.0,0.9,0.9,0.9
949500.0,0.9,0.9,0.9
950000.0,0.9,0.9,0.9
950500.0,0.9,0.9,0.9
951000.0,0.9,0.9,0.9
951500.0,0.9,0.9,0.9
952000.0,0.9,0.9,0.9
952500.0,0.9,0.9,0.9
953000.0,0.9,0.9,0.9
953500.0,0.9,0.9,0.9
954000.0,0.9,0.9,0.9
954500.0,0.9,0.9,0.9
955000.0,0.9,0.9,0.9
955500.0,0.9,0.9,0.9
956000.0,0.9,0.9,0.9
956500.0,0.9,0.9,0.9
957000.0,0.9,0.9,0.9
957500.0,0.9,0.9,0.9
958000.0,0.9,0.9,0.9
958500.0,0.9,0.9,0.9
959000.0,0.9,0.9,0.9
959500.0,0.9,0.9,0.9
960000.0,0.9,0.9,0.9
960500.0,0.9,0.9,0.9
961000.0,0.9,0.9,0.9
961500.0,0.9,0.9,0.9
962000.0,0.9,0.9,0.9
962500.0,0.9,0.9,0.9
963000.0,0.9,0.9,0.9
963500.0,0.9,0.9,0.9
964000.0,0.9,0.9,0.9
964500.0,0.9,0.9,0.9
965000.0,0.9,0.9,0.9
965500.0,0.9,0.9,0.9
966000.0,0.9,0.9,0.9
966500.0,0.9,0.9,0.9
967000.0,0.9,0.9,0.9
967500.0,0.9,0.9,0.9
968000.0,0.9,0.9,0.9
968500.0,0.9,0.9,0.9
969000.0,0.9,0.9,0.9
969500.0,0.9,0.9,0.9
970000.0,0.9,0.9,0.9
970500.0,0.9,0.9,0.9
971000.0,0.9,0.9,0.9
971500.0,0.9,0.9,0.9
972000.0,0.9,0.9,0.9
972500.0,0.9,0.9,0.9
973000.0,0.9,0.9,0.9
973500.0,0.9,0.9,0.9
974000.0,0.9,0.9,0.9
974500.0,0.9,0.9,0.9
975000.0,0.9,0.9,0.9
975500.0,0.9,0.9,0.9
976000.0,0.9,0.9,0.9
976500.0,0.9,0.9,0.9
977000.0,0.9,0.9,0.9
977500.0,0.9,0.9,0.9
978000.0,0.9,0.9,0.9
978500.0,0.9,0.9,0.9
979000.0,0.9,0.9,0.9
979500.0,0.9,0.9,0.9
980000.0,0.9,0.9,0.9
980500.0,0.9,0.9,0.9
981000.0,0.9,0.9,0.9
981500.0,0.9,0.9,0.9
982000.0,0.9,0.9,0.9
982500.0,0.9,0.9,0.9
983000.0,0.9,0.9,0.9
983500.0,0.9,0.9,0.9
984000.0,0.9,0.9,0.9
984500.0,0.9,0.9,0.9
985000.0,0.9,0.9,0.9
985500.0,0.9,0.9,0.9
986000.0,0.9,0.9,0.9
986500.0,0.9,0.9,0.9
987000.0,0.9,0.9,0.9
987500.0,0.9,0.9,0.9
988000.0,0.9,0.9,0.9
988500.0,0.9,0.9,0.9
989000.0,0.9,0.9,0.9
989500.0,0.9,0.9,0.9
990000.0,0.9,0.9,0.9
990500.0,0.9,0.9,0.9
991000.0,0.9,0.9,0.9
991500.0,0.9,0.9,0.9
992000.0,0.9,0.9,0.9
992500.0,0.9,0.9,0.9
993000.0,0.9,0.9,0.9
993500.0,0.9,0.9,0.9
994000.0,0.9,0.9,0.9
994500.0,0.9,0.9,0.9
995000.0,0.9,0.9,0.9
995500.0,0.9,0.9,0.9
996000.0,0.9,0.9,0.9
996500.0,0.9,0.9,0.9
997000.0,0.9,0.9,0.9
997500.0,0.9,0.9,0.9
998000.0,0.9,0.9,0.9
998500.0,0.9,0.9,0.9
999000.0,0.9,0.9,0.9
999500.0,0.9,0.9,0.9
1000000.0,0.9,0.9,0.9
1000500.0,0.9,0.9,0.9
1001000.0,0.9,0.9,0.9
1001500.0,0.9,0.9,0.9
1002000.0,0.9,0.9,0.9
1002500.0,0.9,0.9,0.9
1003000.0,0.9,0.9,0.9
1003500.0,0.9,0.9,0.9
1004000.0,0.9,0.9,0.9
1004500.0,0.9,0.9,0.9
1005000.0,0.9,0.9,0.9
1005500.0,0.9,0.9,0.9
1006000.0,0.9,0.9,0.9
1006500.0,0.9,0.9,0.9
1007000.0,0.9,0.9,0.9
1007500.0,0.9,0.9,0.9
1008000.0,0.9,0.9,0.9
1008500.0,0.9,0.9,0.9
1009000.0,0.9,0.9,0.9
1009500.0,0.9,0.9,0.9
1010000.0,0.9,0.9,0.9
1010500.0,0.9,0.9,0.9
1011000.0,0.9,0.9,0.9
1011500.0,0.9,0.9,0.9
1012000.0,0.9,0.9,0.9
1012500.0,0.9,0.9,0.9
1013000.0,0.9,0.9,0.9
1013500.0,0.9,0.9,0.9
1014000.0,0.9,0.9,0.9
1014500.0,0.9,0.9,0.9
1015000.0,0.9,0.9,0.9
1015500.0,0.9,0.9,0.9
1016000.0,0.9,0.9,0.9
1016500.0,0.9,0.9,0.9
1017000.0,0.9,0.9,0.9
1017500.0,0.9,0.9,0.9
1018000.0,0.9,0.9,0.9
1018500.0,0.9,0.9,0.9
1019000.0,0.9,0.9,0.9
1019500.0,0.9,0.9,0.9
1020000.0,0.9,0.9,0.9
1020500.0,0.9,0.9,0.9
1021000.0,0.9,0.9,0.9
1021500.0,0.9,0.9,0.9
1022000.0,0.9,0.9,0.9
1022500.0,0.9,0.9,0.9
1023000.0,0.9,0.9,0.9
1023500.0,0.9,0.9,0.9
1024000.0,0.9,0.9,0.9
1024500.0,0.9,0.9,0.9
1025000.0,0.9,0.9,0.9
1025500.0,0.9,0.9,0.9
1026000.0,0.9,0.9,0.9
1026500.0,0.9,0.9,0.9
1027000.0,0.9,0.9,0.9
1027500.0,0.9,0.9,0.9
1028000.0,0.9,0.9,0.9
1028500.0,0.9,0.9,0.9
1029000.0,0.9,0.9,0.9
1029500.0,0.9,0.9,0.9
1030000.0,0.9,0.9,0.9
1030500.0,0.9,0.9,0.9
1031000.0,0.9,0.9,0.9
1031500.0,0.9,0.9,0.9
1032000.0,0.9,0.9,0.9
1032500.0,0.9,0.9,0.9
1033000.0,0.9,0.9,0.9
1033500.0,0.9,0.9,0.9
1034000.0,0.9,0.9,0.9
1034500.0,0.9,0.9,0.9
1035000.0,0.9,0.9,0.9
1035500.0,0.9,0.9,0.9
1036000.0,0.9,0.9,0.9
1036500.0,0.9,0.9,0.9
1037000.0,0.9,0.9,0.9
1037500.0,0.9,0.9,0.9
1038000.0,0.9,0.9,0.9
1038500.0,0.9,0.9,0.9
1039000.0,0.9,0.9,0.9
1039500.0,0.9,0.9,0.9
1040000.0,0.9,0.9,0.9
1040500.0,0.9,0.9,0.9
1041000.0,0.9,0.9,0.9
1041500.0,0.9,0.9,0.9
1042000.0,0.9,0.9,0.9
1042500.0,0.9,0.9,0.9
1043000.0,0.9,0.9,0.9
1043500.0,0.9,0.9,0.9
1044000.0,0.9,0.9,0.9
1044500.0,0.9,0.9,0.9
1045000.0,0.9,0.9,0.9
1045500.0,0.9,0.9,0.9
1046000.0,0.9,0.9,0.9
1046500.0,0.9,0.9,0.9
1047000.0,0.9,0.9,0.9
1047500.0,0.9,0.9,0.9
1048000.0,0.9,0.9,0.9
1048500.0,0.9,0.9,0.9
1049000.0,0.9,0.9,0.9
1049500.0,0.9,0.9,0.9
1050000.0,0.9,0.9,0.9
1050500.0,0.9,0.9,0.9
1051000.0,0.9,0.9,0.9
1051500.0,0.9,0.9,0.9
1052000.0,0.9,0.9,0.9
1052500.0,0.9,0.9,0.9
1053000.0,0.9,0.9,0.9
1053500.0,0.9,0.9,0.9
1054000.0,0.9,0.9,0.9
1054500.0,0.9,0.9,0.9
1055000.0,0.9,0.9,0.9
1055500.0,0.9,0.9,0.9
1056000.0,0.9,0.9,0.9
1056500.0,0.9,0.9,0.9
1057000.0,0.9,0.9,0.9
1057500.0,0.9,0.9,0.9
1058000.0,0.9,0.9,0.9
1058500.0,0.9,0.9,0.9
1059000.0,0.9,0.9,0.9
1059500.0,0.9,0.9,0.9
1060000.0,0.9,0.9,0.9
1060500.0,0.9,0.9,0.9
1061000.0,0.9,0.9,0.9
1061500.0,0.9,0.9,0.9
1062000.0,0.9,0.9,0.9
1062500.0,0.9,0.9,0.9
1063000.0,0.9,0.9,0.9
1063500.0,0.9,0.9,0.9
1064000.0,0.9,0.9,0.9
1064500.0,0.9,0.9,0.9
1065000.0,0.9,0.9,0.9
1065500.0,0.9,0.9,0.9
1066000.0,0.9,0.9,0.9
1066500.0,0.9,0.9,0.9
1067000.0,0.9,0.9,0.9
1067500.0,0.9,0.9,0.9
1068000.0,0.9,0.9,0.9
1068500.0,0.9,0.9,0.9
1069000.0,0.9,0.9,0.9
1069500.0,0.9,0.9,0.9
1070000.0,0.9,0.9,0.9
1070500.0,0.9,0.9,0.9
1071000.0,0.9,0.9,0.9
1071500.0,0.9,0.9,0.9
1072000.0,0.9,0.9,0.9
1072500.0,0.9,0.9,0.9
1073000.0,0.9,0.9,0.9
1073500.0,0.9,0.9,0.9
1074000.0,0.9,0.9,0.9
1074500.0,0.9,0.9,0.9
1075000.0,0.9,0.9,0.9
1075500.0,0.9,0.9,0.9
1076000.0,0.9,0.9,0.9
1076500.0,0.9,0.9,0.9
1077000.0,0.9,0.9,0.9
1077500.0,0.9,0.9,0.9
1078000.0,0.9,0.9,0.9
1078500.0,0.9,0.9,0.9
1079000.0,0.9,0.9,0.9
1079500.0,0.9,0.9,0.9
1080000.0,0.9,0.9,0.9
1080500.0,0.9,0.9,0.9
1081000.0,0.9,0.9,0.9
1081500.0,0.9,0.9,0.9
1082000.0,0.9,0.9,0.9
1082500.0,0.9,0.9,0.9
1083000.0,0.9,0.9,0.9
1083500.0,0.9,0.9,0.9
1084000.0,0.9,0.9,0.9
1084500.0,0.9,0.9,0.9
1085000.0,0.9,0.9,0.9
1085500.0,0.9,0.9,0.9
1086000.0,0.9,0.9,0.9
1086500.0,0.9,0.9,0.9
1087000.0,0.9,0.9,0.9
1087500.0,0.9,0.9,0.9
1088000.0,0.9,0.9,0.9
1088500.0,0.9,0.9,0.9
1089000.0,0.9,0.9,0.9
1089500.0,0.9,0.9,0.9
1090000.0,0.9,0.9,0.9
1090500.0,0.9,0.9,0.9
1091000.0,0.9,0.9,0.9
1091500.0,0.9,0.9,0.9
1092000.0,0.9,0.9,0.9
1092500.0,0.9,0.9,0.9
1093000.0,0.9,0.9,0.9
1093500.0,0.9,0.9,0.9
1094000.0,0.9,0.9,0.9
1094500.0,0.9,0.9,0.9
1095000.0,0.9,0.9,0.9
1095500.0,0.9,0.9,0.9
1096000.0,0.9,0.9,0.9
1096500.0,0.9,0.9,0.9
1097000.0,0.9,0.9,0.9
1097500.0,0.9,0.9,0.9
1098000.0,0.9,0.9,0.9
1098500.0,0.9,0.9,0.9
1099000.0,0.9,0.9,0.9
1099500.0,0.9,0.9,0.9
1100000.0,0.9,0.9,0.9
1100500.0,0.9,0.9,0.9
1101000.0,0.9,0.9,0.9
1101500.0,0.9,0.9,0.9
1102000.0,0.9,0.9,0.9
1102500.0,0.9,0.9,0.9
1103000.0,0.9,0.9,0.9
1103500.0,0.9,0.9,0.9
1104000.0,0.9,0.9,0.9
1104500.0,0.9,0.9,0.9
1105000.0,0.9,0.9,0.9
1105500.0,0.9,0.9,0.9
1106000.0,0.9,0.9,0.9
1106500.0,0.9,0.9,0.9
1107000.0,0.9,0.9,0.9
1107500.0,0.9,0.9,0.9
1108000.0,0.9,0.9,0.9
1108500.0,0.9,0.9,0.9
1109000.0,0.9,0.9,0.9
1109500.0,0.9,0.9,0.9
1110000.0,0.9,0.9,0.9
1110500.0,0.9,0.9,0.9
1111000.0,0.9,0.9,0.9
1111500.0,0.9,0.9,0.9
1112000.0,0.9,0.9,0.9
1112500.0,0.9,0.9,0.9
1113000.0,0.9,0.9,0.9
1113500.0,0.9,0.9,0.9
1114000.0,0.9,0.9,0.9
1114500.0,0.9,0.9,0.9
1115000.0,0.9,0.9,0.9
1115500.0,0.9,0.9,0.9
1116000.0,0.9,0.9,0.9
1116500.0,0.9,0.9,0.9
1117000.0,0.9,0.9,0.9
1117500.0,0.9,0.9,0.9
1118000.0,0.9,0.9,0.9
1118500.0,0.9,0.9,0.9
1119000.0,0.9,0.9,0.9
1119500.0,0.9,0.9,0.9
1120000.0,0.9,0.9,0.9
1120500.0,0.9,0.9,0.9
1121000.0,0.9,0.9,0.9
1121500.0,0.9,0.9,0.9
1122000.0,0.9,0.9,0.9
1122500.0,0.9,0.9,0.9
1123000.0,0.9,0.9,0.9
1123500.0,0.9,0.9,0.9
1124000.0,0.9,0.9,0.9
1124500.0,0.9,0.9,0.9
1125000.0,0.9,0.9,0.9
1125500.0,0.9,0.9,0.9
1126000.0,0.9,0.9,0.9
1126500.0,0.9,0.9,0.9
1127000.0,0.9,0.9,0.9
1127500.0,0.9,0.9,0.9
1128000.0,0.9,0.9,0.9
1128500.0,0.9,0.9,0.9
1129000.0,0.9,0.9,0.9
1129500.0,0.9,0.9,0.9
1130000.0,0.9,0.9,0.9
1130500.0,0.9,0.9,0.9
1131000.0,0.9,0.9,0.9
1131500.0,0.9,0.9,0.9
1132000.0,0.9,0.9,0.9
1132500.0,0.9,0.9,0.9
1133000.0,0.9,0.9,0.9
1133500.0,0.9,0.9,0.9
1134000.0,0.9,0.9,0.9
1134500.0,0.9,0.9,0.9
1135000.0,0.9,0.9,0.9
1135500.0,0.9,0.9,0.9
1136000.0,0.9,0.9,0.9
1136500.0,0.9,0.9,0.9
1137000.0,0.9,0.9,0.9
1137500.0,0.9,0.9,0.9
1138000.0,0.9,0.9,0.9
1138500.0,0.9,0.9,0.9
1139000.0,0.9,0.9,0.9
1139500.0,0.9,0.9,0.9
1140000.0,0.9,0.9,0.9
1140500.0,0.9,0.9,0.9
1141000.0,0.9,0.9,0.9
1141500.0,0.9,0.9,0.9
1142000.0,0.9,0.9,0.9
1142500.0,0.9,0.9,0.9
1143000.0,0.9,0.9,0.9
1143500.0,0.9,0.9,0.9
1144000.0,0.9,0.9,0.9
1144500.0,0.9,0.9,0.9
1145000.0,0.9,0.9,0.9
1145500.0,0.9,0.9,0.9
1146000.0,0.9,0.9,0.9
1146500.0,0.9,0.9,0.9
1147000.0,0.9,0.9,0.9
1147500.0,0.9,0.9,0.9
1148000.0,0.9,0.9,0.9
1148500.0,0.9,0.9,0.9
1149000.0,0.9,0.9,0.9
1149500.0,0.9,0.9,0.9
1150000.0,0.9,0.9,0.9
1150500.0,0.9,0.9,0.9
1151000.0,0.9,0.9,0.9
1151500.0,0.9,0.9,0.9
1152000.0,0.9,0.9,0.9
1152500.0,0.9,0.9,0.9
1153000.0,0.9,0.9,0.9
1153500.0,0.9,0.9,0.9
1154000.0,0.9,0.9,0.9
1154500.0,0.9,0.9,0.9
1155000.0,0.9,0.9,0.9
1155500.0,0.9,0.9,0.9
1156000.0,0.9,0.9,0.9
1156500.0,0.9,0.9,0.9
1157000.0,0.9,0.9,0.9
1157500.0,0.9,0.9,0.9
1158000.0,0.9,0.9,0.9
1158500.0,0.9,0.9,0.9
1159000.0,0.9,0.9,0.9
1159500.0,0.9,0.9,0.9
1160000.0,0.9,0.9,0.9
1160500.0,0.9,0.9,0.9
1161000.0,0.9,0.9,0.9
1161500.0,0.9,0.9,0.9
1162000.0,0.9,0.9,0.9
1162500.0,0.9,0.9,0.9
1163000.0,0.9,0.9,0.9
1163500.0,0.9,0.9,0.9
1164000.0,0.9,0.9,0.9
1164500.0,0.9,0.9,0.9
1165000.0,0.9,0.9,0.9
1165500.0,0.9,0.9,0.9
1166000.0,0.9,0.9,0.9
1166500.0,0.9,0.9,0.9
1167000.0,0.9,0.9,0.9
1167500.0,0.9,0.9,0.9
1168000.0,0.9,0.9,0.9
1168500.0,0.9,0.9,0.9
1169000.0,0.9,0.9,0.9
1169500.0,0.9,0.9,0.9
1170000.0,0.9,0.9,0.9
1170500.0,0.9,0.9,0.9
1171000.0,0.9,0.9,0.9
1171500.0,0.9,0.9,0.9
1172000.0,0.9,0.9,0.9
1172500.0,0.9,0.9,0.9
1173000.0,0.9,0.9,0.9
1173500.0,0.9,0.9,0.9
1174000.0,0.9,0.9,0.9
1174500.0,0.9,0.9,0.9
1175000.0,0.9,0.9,0.9
1175500.0,0.9,0.9,0.9
1176000.0,0.9,0.9,0.9
1176500.0,0.9,0.9,0.9
1177000.0,0.9,0.9,0.9
1177500.0,0.9,0.9,0.9
1178000.0,0.9,0.9,0.9
1178500.0,0.9,0.9,0.9
1179000.0,0.9,0.9,0.9
1179500.0,0.9,0.9,0.9
1180000.0,0.9,0.9,0.9
1180500.0,0.9,0.9,0.9
1181000.0,0.9,0.9,0.9
1181500.0,0.9,0.9,0.9
1182000.0,0.9,0.9,0.9
1182500.0,0.9,0.9,0.9
1183000.0,0.9,0.9,0.9
1183500.0,0.9,0.9,0.9
1184000.0,0.9,0.9,0.9
1184500.0,0.9,0.9,0.9
1185000.0,0.9,0.9,0.9
1185500.0,0.9,0.9,0.9
1186000.0,0.9,0.9,0.9
1186500.0,0.9,0.9,0.9
1187000.0,0.9,0.9,0.9
1187500.0,0.9,0.9,0.9
1188000.0,0.9,0.9,0.9
1188500.0,0.9,0.9,0.9
1189000.0,0.9,0.9,0.9
1189500.0,0.9,0.9,0.9
1190000.0,0.9,0.9,0.9
1190500.0,0.9,0.9,0.9
1191000.0,0.9,0.9,0.9
1191500.0,0.9,0.9,0.9
1192000.0,0.9,0.9,0.9
1192500.0,0.9,0.9,0.9
1193000.0,0.9,0.9,0.9
1193500.0,0.9,0.9,0.9
1194000.0,0.9,0.9,0.9
1194500.0,0.9,0.9,0.9
1195000.0,0.9,0.9,0.9
1195500.0,0.9,0.9,0.9
1196000.0,0.9,0.9,0.9
1196500.0,0.9,0.9,0.9
1197000.0,0.9,0.9,0.9
1197500.0,0.9,0.9,0.9
1198000.0,0.9,0.9,0.9
1198500.0,0.9,0.9,0.9
1199000.0,0.9,0.9,0.9
1199500.0,0.9,0.9,0.9
1200000.0,0.9,0.9,0.9
1200500.0,0.9,0.9,0.9
1201000.0,0.9,0.9,0.9
1201500.0,0.9,0.9,0.9
1202000.0,0.9,0.9,0.9
1202500.0,0.9,0.9,0.9
1203000.0,0.9,0.9,0.9
1203500.0,0.9,0.9,0.9
1204000.0,0.9,0.9,0.9
1204500.0,0.9,0.9,0.9
1205000.0,0.9,0.9,0.9
1205500.0,0.9,0.9,0.9
1206000.0,0.9,0.9,0.9
1206500.0,0.9,0.9,0.9
1207000.0,0.9,0.9,0.9
1207500.0,0.9,0.9,0.9
1208000.0,0.9,0.9,0.9
1208500.0,0.9,0.9,0.9
1209000.0,0.9,0.9,0.9
1209500.0,0.9,0.9,0.9
1210000.0,0.9,0.9,0.9
1210500.0,0.9,0.9,0.9
1211000.0,0.9,0.9,0.9
1211500.0,0.9,0.9,0.9
1212000.0,0.9,0.9,0.9
1212500.0,0.9,0.9,0.9
1213000.0,0.9,0.9,0.9
1213500.0,0.9,0.9,0.9
1214000.0,0.9,0.9,0.9
1214500.0,0.9,0.9,0.9
1215000.0,0.9,0.9,0.9
1215500.0,0.9,0.9,0.9
1216000.0,0.9,0.9,0.9
1216500.0,0.9,0.9,0.9
1217000.0,0.9,0.9,0.9
1217500.0,0.9,0.9,0.9
1218000.0,0.9,0.9,0.9
1218500.0,0.9,0.9,0.9
1219000.0,0.9,0.9,0.9
1219500.0,0.9,0.9,0.9
1220000.0,0.9,0.9,0.9
1220500.0,0.9,0.9,0.9
1221000.0,0.9,0.9,0.9
1221500.0,0.9,0.9,0.9
1222000.0,0.9,0.9,0.9
1222500.0,0.9,0.9,0.9
1223000.0,0.9,0.9,0.9
1223500.0,0.9,0.9,0.9
1224000.0,0.9,0.9,0.9
1224500.0,0.9,0.9,0.9
1225000.0,0.9,0.9,0.9
1225500.0,0.9,0.9,0.9
1226000.0,0.9,0.9,0.9
1226500.0,0.9,0.9,0.9
1227000.0,0.9,0.9,0.9
1227500.0,0.9,0.9,0.9
1228000.0,0.9,0.9,0.9
1228500.0,0.9,0.9,0.9
1229000.0,0.9,0.9,0.9
1229500.0,0.9,0.9,0.9
1230000.0,0.9,0.9,0.9
1230500.0,0.9,0.9,0.9
1231000.0,0.9,0.9,0.9
1231500.0,0.9,0.9,0.9
1232000.0,0.9,0.9,0.9
1232500.0,0.9,0.9,0.9
1233000.0,0.9,0.9,0.9
1233500.0,0.9,0.9,0.9
1234000.0,0.9,0.9,0.9
1234500.0,0.9,0.9,0.9
1235000.0,0.9,0.9,0.9
1235500.0,0.9,0.9,0.9
1236000.0,0.9,0.9,0.9
1236500.0,0.9,0.9,0.9
1237000.0,0.9,0.9,0.9
1237500.0,0.9,0.9,0.9
1238000.0,0.9,0.9,0.9
1238500.0,0.9,0.9,0.9
1239000.0,0.9,0.9,0.9
1239500.0,0.9,0.9,0.9
1240000.0,0.9,0.9,0.9
1240500.0,0.9,0.9,0.9
1241000.0,0.9,0.9,0.9
1241500.0,0.9,0.9,0.9
1242000.0,0.9,0.9,0.9
1242500.0,0.9,0.9,0.9
1243000.0,0.9,0.9,0.9
1243500.0,0.9,0.9,0.9
1244000.0,0.9,0.9,0.9
1244500.0,0.9,0.9,0.9
1245000.0,0.9,0.9,0.9
1245500.0,0.9,0.9,0.9
1246000.0,0.9,0.9,0.9
1246500.0,0.9,0.9,0.9
1247000.0,0.9,0.9,0.9
1247500.0,0.9,0.9,0.9
1248000.0,0.9,0.9,0.9
1248500.0,0.9,0.9,0.9
1249000.0,0.9,0.9,0.9
1249500.0,0.9,0.9,0.9
1250000.0,0.9,0.9,0.9
1250500.0,0.9,0.9,0.9
1251000.0,0.9,0.9,0.9
1251500.0,0.9,0.9,0.9
1252000.0,0.9,0.9,0.9
1252500.0,0.9,0.9,0.9
1253000.0,0.9,0.9,0.9
1253500.0,0.9,0.9,0.9
1254000.0,0.9,0.9,0.9
1254500.0,0.9,0.9,0.9
1255000.0,0.9,0.9,0.9
1255500.0,0.9,0.9,0.9
1256000.0,0.9,0.9,0.9
1256500.0,0.9,0.9,0.9
1257000.0,0.9,0.9,0.9
1257500.0,0.9,0.9,0.9
1258000.0,0.9,0.9,0.9
1258500.0,0.9,0.9,0.9
1259000.0,0.9,0.9,0.9
1259500.0,0.9,0.9,0.9
1260000.0,0.9,0.9,0.9
1260500.0,0.9,0.9,0.9
1261000.0,0.9,0.9,0.9
1261500.0,0.9,0.9,0.9
1262000.0,0.9,0.9,0.9
1262500.0,0.9,0.9,0.9
1263000.0,0.9,0.9,0.9
1263500.0,0.9,0.9,0.9
1264000.0,0.9,0.9,0.9
1264500.0,0.9,0.9,0.9
1265000.0,0.9,0.9,0.9
1265500.0,0.9,0.9,0.9
1266000.0,0.9,0.9,0.9
1266500.0,0.9,0.9,0.9
1267000.0,0.9,0.9,0.9
1267500.0,0.9,0.9,0.9
1268000.0,0.9,0.9,0.9
1268500.0,0.9,0.9,0.9
1269000.0,0.9,0.9,0.9
1269500.0,0.9,0.9,0.9
1270000.0,0.9,0.9,0.9
1270500.0,0.9,0.9,0.9
1271000.0,0.9,0.9,0.9
1271500.0,0.9,0.9,0.9
1272000.0,0.9,0.9,0.9
1272500.0,0.9,0.9,0.9
1273000.0,0.9,0.9,0.9
1273500.0,0.9,0.9,0.9
1274000.0,0.9,0.9,0.9
1274500.0,0.9,0.9,0.9
1275000.0,0.9,0.9,0.9
1275500.0,0.9,0.9,0.9
1276000.0,0.9,0.9,0.9
1276500.0,0.9,0.9,0.9
1277000.0,0.9,0.9,0.9
1277500.0,0.9,0.9,0.9
1278000.0,0.9,0.9,0.9
1278500.0,0.9,0.9,0.9
1279000.0,0.9,0.9,0.9
1279500.0,0.9,0.9,0.9
1280000.0,0.9,0.9,0.9
1280500.0,0.9,0.9,0.9
1281000.0,0.9,0.9,0.9
1281500.0,0.9,0.9,0.9
1282000.0,0.9,0.9,0.9
1282500.0,0.9,0.9,0.9
1283000.0,0.9,0.9,0.9
1283500.0,0.9,0.9,0.9
1284000.0,0.9,0.9,0.9
1284500.0,0.9,0.9,0.9
1285000.0,0.9,0.9,0.9
1285500.0,0.9,0.9,0.9
1286000.0,0.9,0.9,0.9
1286500.0,0.9,0.9,0.9
1287000.0,0.9,0.9,0.9
1287500.0,0.9,0.9,0.9
1288000.0,0.9,0.9,0.9
1288500.0,0.9,0.9,0.9
1289000.0,0.9,0.9,0.9
1289500.0,0.9,0.9,0.9
1290000.0,0.9,0.9,0.9
1290500.0,0.9,0.9,0.9
1291000.0,0.9,0.9,0.9
1291500.0,0.9,0.9,0.9
1292000.0,0.9,0.9,0.9
1292500.0,0.9,0.9,0.9
1293000.0,0.9,0.9,0.9
1293500.0,0.9,0.9,0.9
1294000.0,0.9,0.9,0.9
1294500.0,0.9,0.9,0.9
1295000.0,0.9,0.9,0.9
1295500.0,0.9,0.9,0.9
1296000.0,0.9,0.9,0.9
1296500.0,0.9,0.9,0.9
1297000.0,0.9,0.9,0.9
1297500.0,0.9,0.9,0.9
1298000.0,0.9,0.9,0.9
1298500.0,0.9,0.9,0.9
1299000.0,0.9,0.9,0.9
1299500.0,0.9,0.9,0.9
1300000.0,0.9,0.9,0.9
1300500.0,0.9,0.9,0.9
1301000.0,0.9,0.9,0.9
1301500.0,0.9,0.9,0.9
1302000.0,0.9,0.9,0.9
1302500.0,0.9,0.9,0.9
1303000.0,0.9,0.9,0.9
1303500.0,0.9,0.9,0.9
1304000.0,0.9,0.9,0.9
1304500.0,0.9,0.9,0.9
1305000.0,0.9,0.9,0.9
1305500.0,0.9,0.9,0.9
1306000.0,0.9,0.9,0.9
1306500.0,0.9,0.9,0.9
1307000.0,0.9,0.9,0.9
1307500.0,0.9,0.9,0.9
1308000.0,0.9,0.9,0.9
1308500.0,0.9,0.9,0.9
1309000.0,0.9,0.9,0.9
1309500.0,0.9,0.9,0.9
1310000.0,0.9,0.9,0.9
1310500.0,0.9,0.9,0.9
1311000.0,0.9,0.9,0.9
1311500.0,0.9,0.9,0.9
1312000.0,0.9,0.9,0.9
1312500.0,0.9,0.9,0.9
1313000.0,0.9,0.9,0.9
1313500.0,0.9,0.9,0.9
1314000.0,0.9,0.9,0.9
1314500.0,0.9,0.9,0.9
1315000.0,0.9,0.9,0.9
1315500.0,0.9,0.9,0.9
1316000.0,0.9,0.9,0.9
1316500.0,0.9,0.9,0.9
1317000.0,0.9,0.9,0.9
1317500.0,0.9,0.9,0.9
1318000.0,0.9,0.9,0.9
1318500.0,0.9,0.9,0.9
1319000.0,0.9,0.9,0.9
1319500.0,0.9,0.9,0.9
1320000.0,0.9,0.9,0.9
1320500.0,0.9,0.9,0.9
1321000.0,0.9,0.9,0.9
1321500.0,0.9,0.9,0.9
1322000.0,0.9,0.9,0.9
1322500.0,0.9,0.9,0.9
1323000.0,0.9,0.9,0.9
1323500.0,0.9,0.9,0.9
1324000.0,0.9,0.9,0.9
1324500.0,0.9,0.9,0.9
1325000.0,0.9,0.9,0.9
1325500.0,0.9,0.9,0.9
1326000.0,0.9,0.9,0.9
1326500.0,0.9,0.9,0.9
1327000.0,0.9,0.9,0.9
1327500.0,0.9,0.9,0.9
1328000.0,0.9,0.9,0.9
1328500.0,0.9,0.9,0.9
1329000.0,0.9,0.9,0.9
1329500.0,0.9,0.9,0.9
1330000.0,0.9,0.9,0.9
1330500.0,0.9,0.9,0.9
1331000.0,0.9,0.9,0.9
1331500.0,0.9,0.9,0.9
1332000.0,0.9,0.9,0.9
1332500.0,0.9,0.9,0.9
1333000.0,0.9,0.9,0.9
1333500.0,0.9,0.9,0.9
1334000.0,0.9,0.9,0.9
1334500.0,0.9,0.9,0.9
1335000.0,0.9,0.9,0.9
1335500.0,0.9,0.9,0.9
1336000.0,0.9,0.9,0.9
1336500.0,0.9,0.9,0.9
1337000.0,0.9,0.9,0.9
1337500.0,0.9,0.9,0.9
1338000.0,0.9,0.9,0.9
1338500.0,0.9,0.9,0.9
1339000.0,0.9,0.9,0.9
1339500.0,0.9,0.9,0.9
1340000.0,0.9,0.9,0.9
1340500.0,0.9,0.9,0.9
1341000.0,0.9,0.9,0.9
1341500.0,0.9,0.9,0.9
1342000.0,0.9,0.9,0.9
1342500.0,0.9,0.9,0.9
1343000.0,0.9,0.9,0.9
1343500.0,0.9,0.9,0.9
1344000.0,0.9,0.9,0.9
1344500.0,0.9,0.9,0.9
1345000.0,0.9,0.9,0.9
1345500.0,0.9,0.9,0.9
1346000.0,0.9,0.9,0.9
1346500.0,0.9,0.9,0.9
1347000.0,0.9,0.9,0.9
1347500.0,0.9,0.9,0.9
1348000.0,0.9,0.9,0.9
1348500.0,0.9,0.9,0.9
1349000.0,0.9,0.9,0.9
1349500.0,0.9,0.9,0.9
1350000.0,0.9,0.9,0.9
1350500.0,0.9,0.9,0.9
1351000.0,0.9,0.9,0.9
1351500.0,0.9,0.9,0.9
1352000.0,0.9,0.9,0.9
1352500.0,0.9,0.9,0.9
1353000.0,0.9,0.9,0.9
1353500.0,0.9,0.9,0.9
1354000.0,0.9,0.9,0.9
1354500.0,0.9,0.9,0.9
1355000.0,0.9,0.9,0.9
1355500.0,0.9,0.9,0.9
1356000.0,0.9,0.9,0.9
1356500.0,0.9,0.9,0.9
1357000.0,0.9,0.9,0.9
1357500.0,0.9,0.9,0.9
1358000.0,0.9,0.9,0.9
1358500.0,0.9,0.9,0.9
1359000.0,0.9,0.9,0.9
1359500.0,0.9,0.9,0.9
1360000.0,0.9,0.9,0.9
1360500.0,0.9,0.9,0.9
1361000.0,0.9,0.9,0.9
1361500.0,0.9,0.9,0.9
1362000.0,0.9,0.9,0.9
1362500.0,0.9,0.9,0.9
1363000.0,0.9,0.9,0.9
1363500.0,0.9,0.9,0.9
1364000.0,0.9,0.9,0.9
1364500.0,0.9,0.9,0.9
1365000.0,0.9,0.9,0.9
1365500.0,0.9,0.9,0.9
1366000.0,0.9,0.9,0.9
1366500.0,0.9,0.9,0.9
1367000.0,0.9,0.9,0.9
1367500.0,0.9,0.9,0.9
1368000.0,0.9,0.9,0.9
1368500.0,0.9,0.9,0.9
1369000.0,0.9,0.9,0.9
1369500.0,0.9,0.9,0.9
1370000.0,0.9,0.9,0.9
1370500.0,0.9,0.9,0.9
1371000.0,0.9,0.9,0.9
1371500.0,0.9,0.9,0.9
1372000.0,0.9,0.9,0.9
1372500.0,0.9,0.9,0.9
1373000.0,0.9,0.9,0.9
1373500.0,0.9,0.9,0.9
1374000.0,0.9,0.9,0.9
1374500.0,0.9,0.9,0.9
1375000.0,0.9,0.9,0.9
1375500.0,0.9,0.9,0.9
1376000.0,0.9,0.9,0.9
1376500.0,0.9,0.9,0.9
1377000.0,0.9,0.9,0.9
1377500.0,0.9,0.9,0.9
1378000.0,0.9,0.9,0.9
1378500.0,0.9,0.9,0.9
1379000.0,0.9,0.9,0.9
1379500.0,0.9,0.9,0.9
1380000.0,0.9,0.9,0.9
1380500.0,0.9,0.9,0.9
1381000.0,0.9,0.9,0.9
1381500.0,0.9,0.9,0.9
1382000.0,0.9,0.9,0.9
1382500.0,0.9,0.9,0.9
1383000.0,0.9,0.9,0.9
1383500.0,0.9,0.9,0.9
1384000.0,0.9,0.9,0.9
1384500.0,0.9,0.9,0.9
1385000.0,0.9,0.9,0.9
1385500.0,0.9,0.9,0.9
1386000.0,0.9,0.9,0.9
1386500.0,0.9,0.9,0.9
1387000.0,0.9,0.9,0.9
1387500.0,0.9,0.9,0.9
1388000.0,0.9,0.9,0.9
1388500.0,0.9,0.9,0.9
1389000.0,0.9,0.9,0.9
1389500.0,0.9,0.9,0.9
1390000.0,0.9,0.9,0.9
1390500.0,0.9,0.9,0.9
1391000.0,0.9,0.9,0.9
1391500.0,0.9,0.9,0.9
1392000.0,0.9,0.9,0.9
1392500.0,0.9,0.9,0.9
1393000.0,0.9,0.9,0.9
1393500.0,0.9,0.9,0.9
1394000.0,0.9,0.9,0.9
1394500.0,0.9,0.9,0.9
1395000.0,0.9,0.9,0.9
1395500.0,0.9,0.9,0.9
1396000.0,0.9,0.9,0.9
1396500.0,0.9,0.9,0.9
1397000.0,0.9,0.9,0.9
1397500.0,0.9,0.9,0.9
1398000.0,0.9,0.9,0.9
1398500.0,0.9,0.9,0.9
1399000.0,0.9,0.9,0.9
1399500.0,0.9,0.9,0.9
1400000.0,0.9,0.9,0.9
1400500.0,0.9,0.9,0.9
1401000.0,0.9,0.9,0.9
1401500.0,0.9,0.9,0.9
1402000.0,0.9,0.9,0.9
1402500.0,0.9,0.9,0.9
1403000.0,0.9,0.9,0.9
1403500.0,0.9,0.9,0.9
1404000.0,0.9,0.9,0.9
1404500.0,0.9,0.9,0.9
1405000.0,0.9,0.9,0.9
1405500.0,0.9,0.9,0.9
1406000.0,0.9,0.9,0.9
1406500.0,0.9,0.9,0.9
1407000.0,0.9,0.9,0.9
1407500.0,0.9,0.9,0.9
1408000.0,0.9,0.9,0.9
1408500.0,0.9,0.9,0.9
1409000.0,0.9,0.9,0.9
1409500.0,0.9,0.9,0.9
1410000.0,0.9,0.9,0.9
1410500.0,0.9,0.9,0.9
1411000.0,0.9,0.9,0.9
1411500.0,0.9,0.9,0.9
1412000.0,0.9,0.9,0.9
1412500.0,0.9,0.9,0.9
1413000.0,0.9,0.9,0.9
1413500.0,0.9,0.9,0.9
1414000.0,0.9,0.9,0.9
1414500.0,0.9,0.9,0.9
1415000.0,0.9,0.9,0.9
1415500.0,0.9,0.9,0.9
1416000.0,0.9,0.9,0.9
1416500.0,0.9,0.9,0.9
1417000.0,0.9,0.9,0.9
1417500.0,0.9,0.9,0.9
1418000.0,0.9,0.9,0.9
1418500.0,0.9,0.9,0.9
1419000.0,0.9,0.9,0.9
1419500.0,0.9,0.9,0.9
1420000.0,0.9,0.9,0.9
1420500.0,0.9,0.9,0.9
1421000.0,0.9,0.9,0.9
1421500.0,0.9,0.9,0.9
1422000.0,0.9,0.9,0.9
1422500.0,0.9,0.9,0.9
1423000.0,0.9,0.9,0.9
1423500.0,0.9,0.9,0.9
1424000.0,0.9,0.9,0.9
1424500.0,0.9,0.9,0.9
1425000.0,0.9,0.9,0.9
1425500.0,0.9,0.9,0.9
1426000.0,0.9,0.9,0.9
1426500.0,0.9,0.9,0.9
1427000.0,0.9,0.9,0.9
1427500.0,0.9,0.9,0.9
1428000.0,0.9,0.9,0.9
1428500.0,0.9,0.9,0.9
1429000.0,0.9,0.9,0.9
1429500.0,0.9,0.9,0.9
1430000.0,0.9,0.9,0.9
1430500.0,0.9,0.9,0.9
1431000.0,0.9,0.9,0.9
1431500.0,0.9,0.9,0.9
1432000.0,0.9,0.9,0.9
1432500.0,0.9,0.9,0.9
1433000.0,0.9,0.9,0.9
1433500.0,0.9,0.9,0.9
1434000.0,0.9,0.9,0.9
1434500.0,0.9,0.9,0.9
1435000.0,0.9,0.9,0.9
1435500.0,0.9,0.9,0.9
1436000.0,0.9,0.9,0.9
1436500.0,0.9,0.9,0.9
1437000.0,0.9,0.9,0.9
1437500.0,0.9,0.9,0.9
1438000.0,0.9,0.9,0.9
1438500.0,0.9,0.9,0.9
1439000.0,0.9,0.9,0.9
1439500.0,0.9,0.9,0.9
1440000.0,0.9,0.9,0.9
1440500.0,0.9,0.9,0.9
1441000.0,0.9,0.9,0.9
1441500.0,0.9,0.9,0.9
1442000.0,0.9,0.9,0.9
1442500.0,0.9,0.9,0.9
1443000.0,0.9,0.9,0.9
1443500.0,0.9,0.9,0.9
1444000.0,0.9,0.9,0.9
1444500.0,0.9,0.9,0.9
1445000.0,0.9,0.9,0.9
1445500.0,0.9,0.9,0.9
1446000.0,0.9,0.9,0.9
1446500.0,0.9,0.9,0.9
1447000.0,0.9,0.9,0.9
1447500.0,0.9,0.9,0.9
1448000.0,0.9,0.9,0.9
1448500.0,0.9,0.9,0.9
1449000.0,0.9,0.9,0.9
1449500.0,0.9,0.9,0.9
1450000.0,0.9,0.9,0.9
1450500.0,0.9,0.9,0.9
1451000.0,0.9,0.9,0.9
1451500.0,0.9,0.9,0.9
1452000.0,0.9,0.9,0.9
1452500.0,0.9,0.9,0.9
1453000.0,0.9,0.9,0.9
1453500.0,0.9,0.9,0.9
1454000.0,0.9,0.9,0.9
1454500.0,0.9,0.9,0.9
1455000.0,0.9,0.9,0.9
1455500.0,0.9,0.9,0.9
1456000.0,0.9,0.9,0.9
1456500.0,0.9,0.9,0.9
1457000.0,0.9,0.9,0.9
1457500.0,0.9,0.9,0.9
1458000.0,0.9,0.9,0.9
1458500.0,0.9,0.9,0.9
1459000.0,0.9,0.9,0.9
1459500.0,0.9,0.9,0.9
1460000.0,0.9,0.9,0.9
1460500.0,0.9,0.9,0.9
1461000.0,0.9,0.9,0.9
1461500.0,0.9,0.9,0.9
1462000.0,0.9,0.9,0.9
1462500.0,0.9,0.9,0.9
1463000.0,0.9,0.9,0.9
1463500.0,0.9,0.9,0.9
1464000.0,0.9,0.9,0.9
1464500.0,0.9,0.9,0.9
1465000.0,0.9,0.9,0.9
1465500.0,0.9,0.9,0.9
1466000.0,0.9,0.9,0.9
1466500.0,0.9,0.9,0.9
1467000.0,0.9,0.9,0.9
1467500.0,0.9,0.9,0.9
1468000.0,0.9,0.9,0.9
1468500.0,0.9,0.9,0.9
1469000.0,0.9,0.9,0.9
1469500.0,0.9,0.9,0.9
1470000.0,0.9,0.9,0.9
1470500.0,0.9,0.9,0.9
1471000.0,0.9,0.9,0.9
1471500.0,0.9,0.9,0.9
1472000.0,0.9,0.9,0.9
1472500.0,0.9,0.9,0.9
1473000.0,0.9,0.9,0.9
1473500.0,0.9,0.9,0.9
1474000.0,0.9,0.9,0.9
1474500.0,0.9,0.9,0.9
1475000.0,0.9,0.9,0.9
1475500.0,0.9,0.9,0.9
1476000.0,0.9,0.9,0.9
1476500.0,0.9,0.9,0.9
1477000.0,0.9,0.9,0.9
1477500.0,0.9,0.9,0.9
1478000.0,0.9,0.9,0.9
1478500.0,0.9,0.9,0.9
1479000.0,0.9,0.9,0.9
1479500.0,0.9,0.9,0.9
1480000.0,0.9,0.9,0.9
1480500.0,0.9,0.9,0.9
1481000.0,0.9,0.9,0.9
1481500.0,0.9,0.9,0.9
1482000.0,0.9,0.9,0.9
1482500.0,0.9,0.9,0.9
1483000.0,0.9,0.9,0.9
1483500.0,0.9,0.9,0.9
1484000.0,0.9,0.9,0.9
1484500.0,0.9,0.9,0.9
1485000.0,0.9,0.9,0.9
1485500.0,0.9,0.9,0.9
1486000.0,0.9,0.9,0.9
1486500.0,0.9,0.9,0.9
1487000.0,0.9,0.9,0.9
1487500.0,0.9,0.9,0.9
1488000.0,0.9,0.9,0.9
1488500.0,0.9,0.9,0.9
1489000.0,0.9,0.9,0.9
1489500.0,0.9,0.9,0.9
1490000.0,0.9,0.9,0.9
1490500.0,0.9,0.9,0.9
1491000.0,0.9,0.9,0.9
1491500.0,0.9,0.9,0.9
1492000.0,0.9,0.9,0.9
1492500.0,0.9,0.9,0.9
1493000.0,0.9,0.9,0.9
1493500.0,0.9,0.9,0.9
1494000.0,0.9,0.9,0.9
1494500.0,0.9,0.9,0.9
1495000.0,0.9,0.9,0.9
1495500.0,0.9,0.9,0.9
1496000.0,0.9,0.9,0.9
1496500.0,0.9,0.9,0.9
1497000.0,0.9,0.9,0.9
1497500.0,0.9,0.9,0.9
1498000.0,0.9,0.9,0.9
1498500.0,0.9,0.9,0.9
1499000.0,0.9,0.9,0.9
1499500.0,0.9,0.9,0.9
1500000.0,0.9,0.9,0.9
1500500.0,0.9,0.9,0.9
1501000.0,0.9,0.9,0.9
1501500.0,0.9,0.9,0.9
1502000.0,0.9,0.9,0.9
1502500.0,0.9,0.9,0.9
1503000.0,0.9,0.9,0.9
1503500.0,0.9,0.9,0.9
1504000.0,0.9,0.9,0.9
1504500.0,0.9,0.9,0.9
1505000.0,0.9,0.9,0.9
1505500.0,0.9,0.9,0.9
1506000.0,0.9,0.9,0.9
1506500.0,0.9,0.9,0.9
1507000.0,0.9,0.9,0.9
1507500.0,0.9,0.9,0.9
1508000.0,0.9,0.9,0.9
1508500.0,0.9,0.9,0.9
1509000.0,0.9,0.9,0.9
1509500.0,0.9,0.9,0.9
1510000.0,0.9,0.9,0.9
1510500.0,0.9,0.9,0.9
1511000.0,0.9,0.9,0.9
1511500.0,0.9,0.9,0.9
1512000.0,0.9,0.9,0.9
1512500.0,0.9,0.9,0.9
1513000.0,0.9,0.9,0.9
1513500.0,0.9,0.9,0.9
1514000.0,0.9,0.9,0.9
1514500.0,0.9,0.9,0.9
1515000.0,0.9,0.9,0.9
1515500.0,0.9,0.9,0.9
1516000.0,0.9,0.9,0.9
1516500.0,0.9,0.9,0.9
1517000.0,0.9,0.9,0.9
1517500.0,0.9,0.9,0.9
1518000.0,0.9,0.9,0.9
1518500.0,0.9,0.9,0.9
1519000.0,0.9,0.9,0.9
1519500.0,0.9,0.9,0.9
1520000.0,0.9,0.9,0.9
1520500.0,0.9,0.9,0.9
1521000.0,0.9,0.9,0.9
1521500.0,0.9,0.9,0.9
1522000.0,0.9,0.9,0.9
1522500.0,0.9,0.9,0.9
1523000.0,0.9,0.9,0.9
1523500.0,0.9,0.9,0.9
1524000.0,0.9,0.9,0.9
1524500.0,0.9,0.9,0.9
1525000.0,0.9,0.9,0.9
1525500.0,0.9,0.9,0.9
1526000.0,0.9,0.9,0.9
1526500.0,0.9,0.9,0.9
1527000.0,0.9,0.9,0.9
1527500.0,0.9,0.9,0.9
1528000.0,0.9,0.9,0.9
1528500.0,0.9,0.9,0.9
1529000.0,0.9,0.9,0.9
1529500.0,0.9,0.9,0.9
1530000.0,0.9,0.9,0.9
1530500.0,0.9,0.9,0.9
1531000.0,0.9,0.9,0.9
1531500.0,0.9,0.9,0.9
1532000.0,0.9,0.9,0.9
1532500.0,0.9,0.9,0.9
1533000.0,0.9,0.9,0.9
1533500.0,0.9,0.9,0.9
1534000.0,0.9,0.9,0.9
1534500.0,0.9,0.9,0.9
1535000.0,0.9,0.9,0.9
1535500.0,0.9,0.9,0.9
1536000.0,0.9,0.9,0.9
1536500.0,0.9,0.9,0.9
1537000.0,0.9,0.9,0.9
1537500.0,0.9,0.9,0.9
1538000.0,0.9,0.9,0.9
1538500.0,0.9,0.9,0.9
1539000.0,0.9,0.9,0.9
1539500.0,0.9,0.9,0.9
1540000.0,0.9,0.9,0.9
1540500.0,0.9,0.9,0.9
1541000.0,0.9,0.9,0.9
1541500.0,0.9,0.9,0.9
1542000.0,0.9,0.9,0.9
1542500.0,0.9,0.9,0.9
1543000.0,0.9,0.9,0.9
1543500.0,0.9,0.9,0.9
1544000.0,0.9,0.9,0.9
1544500.0,0.9,0.9,0.9
1545000.0,0.9,0.9,0.9
1545500.0,0.9,0.9,0.9
1546000.0,0.9,0.9,0.9
1546500.0,0.9,0.9,0.9
1547000.0,0.9,0.9,0.9
1547500.0,0.9,0.9,0.9
1548000.0,0.9,0.9,0.9
1548500.0,0.9,0.9,0.9
1549000.0,0.9,0.9,0.9
1549500.0,0.9,0.9,0.9
1550000.0,0.9,0.9,0.9
1550500.0,0.9,0.9,0.9
1551000.0,0.9,0.9,0.9
1551500.0,0.9,0.9,0.9
1552000.0,0.9,0.9,0.9
1552500.0,0.9,0.9,0.9
1553000.0,0.9,0.9,0.9
1553500.0,0.9,0.9,0.9
1554000.0,0.9,0.9,0.9
1554500.0,0.9,0.9,0.9
1555000.0,0.9,0.9,0.9
1555500.0,0.9,0.9,0.9
1556000.0,0.9,0.9,0.9
1556500.0,0.9,0.9,0.9
1557000.0,0.9,0.9,0.9
1557500.0,0.9,0.9,0.9
1558000.0,0.9,0.9,0.9
1558500.0,0.9,0.9,0.9
1559000.0,0.9,0.9,0.9
1559500.0,0.9,0.9,0.9
1560000.0,0.9,0.9,0.9
1560500.0,0.9,0.9,0.9
1561000.0,0.9,0.9,0.9
1561500.0,0.9,0.9,0.9
1562000.0,0.9,0.9,0.9
1562500.0,0.9,0.9,0.9
1563000.0,0.9,0.9,0.9
1563500.0,0.9,0.9,0.9
1564000.0,0.9,0.9,0.9
1564500.0,0.9,0.9,0.9
1565000.0,0.9,0.9,0.9
1565500.0,0.9,0.9,0.9
1566000.0,0.9,0.9,0.9
1566500.0,0.9,0.9,0.9
1567000.0,0.9,0.9,0.9
1567500.0,0.9,0.9,0.9
1568000.0,0.9,0.9,0.9
1568500.0,0.9,0.9,0.9
1569000.0,0.9,0.9,0.9
1569500.0,0.9,0.9,0.9
1570000.0,0.9,0.9,0.9
1570500.0,0.9,0.9,0.9
1571000.0,0.9,0.9,0.9
1571500.0,0.9,0.9,0.9
1572000.0,0.9,0.9,0.9
1572500.0,0.9,0.9,0.9
1573000.0,0.9,0.9,0.9
1573500.0,0.9,0.9,0.9
1574000.0,0.9,0.9,0.9
1574500.0,0.9,0.9,0.9
1575000.0,0.9,0.9,0.9
1575500.0,0.9,0.9,0.9
1576000.0,0.9,0.9,0.9
1576500.0,0.9,0.9,0.9
1577000.0,0.9,0.9,0.9
1577500.0,0.9,0.9,0.9
1578000.0,0.9,0.9,0.9
1578500.0,0.9,0.9,0.9
1579000.0,0.9,0.9,0.9
1579500.0,0.9,0.9,0.9
1580000.0,0.9,0.9,0.9
1580500.0,0.9,0.9,0.9
1581000.0,0.9,0.9,0.9
1581500.0,0.9,0.9,0.9
1582000.0,0.9,0.9,0.9
1582500.0,0.9,0.9,0.9
1583000.0,0.9,0.9,0.9
1583500.0,0.9,0.9,0.9
1584000.0,0.9,0.9,0.9
1584500.0,0.9,0.9,0.9
1585000.0,0.9,0.9,0.9
1585500.0,0.9,0.9,0.9
1586000.0,0.9,0.9,0.9
1586500.0,0.9,0.9,0.9
1587000.0,0.9,0.9,0.9
1587500.0,0.9,0.9,0.9
1588000.0,0.9,0.9,0.9
1588500.0,0.9,0.9,0.9
1589000.0,0.9,0.9,0.9
1589500.0,0.9,0.9,0.9
1590000.0,0.9,0.9,0.9
1590500.0,0.9,0.9,0.9
1591000.0,0.9,0.9,0.9
1591500.0,0.9,0.9,0.9
1592000.0,0.9,0.9,0.9
1592500.0,0.9,0.9,0.9
1593000.0,0.9,0.9,0.9
1593500.0,0.9,0.9,0.9
1594000.0,0.9,0.9,0.9
1594500.0,0.9,0.9,0.9
1595000.0,0.9,0.9,0.9
1595500.0,0.9,0.9,0.9
1596000.0,0.9,0.9,0.9
1596500.0,0.9,0.9,0.9
1597000.0,0.9,0.9,0.9
1597500.0,0.9,0.9,0.9
1598000.0,0.9,0.9,0.9
1598500.0,0.9,0.9,0.9
1599000.0,0.9,0.9,0.9
1599500.0,0.9,0.9,0.9
1600000.0,0.9,0.9,0.9
1600500.0,0.9,0.9,0.9
1601000.0,0.9,0.9,0.9
1601500.0,0.9,0.9,0.9
1602000.0,0.9,0.9,0.9
1602500.0,0.9,0.9,0.9
1603000.0,0.9,0.9,0.9
1603500.0,0.9,0.9,0.9
1604000.0,0.9,0.9,0.9
1604500.0,0.9,0.9,0.9
1605000.0,0.9,0.9,0.9
1605500.0,0.9,0.9,0.9
1606000.0,0.9,0.9,0.9
1606500.0,0.9,0.9,0.9
1607000.0,0.9,0.9,0.9
1607500.0,0.9,0.9,0.9
1608000.0,0.9,0.9,0.9
1608500.0,0.9,0.9,0.9
1609000.0,0.9,0.9,0.9
1609500.0,0.9,0.9,0.9
1610000.0,0.9,0.9,0.9
1610500.0,0.9,0.9,0.9
1611000.0,0.9,0.9,0.9
1611500.0,0.9,0.9,0.9
1612000.0,0.9,0.9,0.9
1612500.0,0.9,0.9,0.9
1613000.0,0.9,0.9,0.9
1613500.0,0.9,0.9,0.9
1614000.0,0.9,0.9,0.9
1614500.0,0.9,0.9,0.9
1615000.0,0.9,0.9,0.9
1615500.0,0.9,0.9,0.9
1616000.0,0.9,0.9,0.9
1616500.0,0.9,0.9,0.9
1617000.0,0.9,0.9,0.9
1617500.0,0.9,0.9,0.9
1618000.0,0.9,0.9,0.9
1618500.0,0.9,0.9,0.9
1619000.0,0.9,0.9,0.9
1619500.0,0.9,0.9,0.9
1620000.0,0.9,0.9,0.9
1620500.0,0.9,0.9,0.9
1621000.0,0.9,0.9,0.9
1621500.0,0.9,0.9,0.9
1622000.0,0.9,0.9,0.9
1622500.0,0.9,0.9,0.9
1623000.0,0.9,0.9,0.9
1623500.0,0.9,0.9,0.9
1624000.0,0.9,0.9,0.9
1624500.0,0.9,0.9,0.9
1625000.0,0.9,0.9,0.9
1625500.0,0.9,0.9,0.9
1626000.0,0.9,0.9,0.9
1626500.0,0.9,0.9,0.9
1627000.0,0.9,0.9,0.9
1627500.0,0.9,0.9,0.9
1628000.0,0.9,0.9,0.9
1628500.0,0.9,0.9,0.9
1629000.0,0.9,0.9,0.9
1629500.0,0.9,0.9,0.9
1630000.0,0.9,0.9,0.9
1630500.0,0.9,0.9,0.9
1631000.0,0.9,0.9,0.9
1631500.0,0.9,0.9,0.9
1632000.0,0.9,0.9,0.9
1632500.0,0.9,0.9,0.9
1633000.0,0.9,0.9,0.9
1633500.0,0.9,0.9,0.9
1634000.0,0.9,0.9,0.9
1634500.0,0.9,0.9,0.9
1635000.0,0.9,0.9,0.9
1635500.0,0.9,0.9,0.9
1636000.0,0.9,0.9,0.9
1636500.0,0.9,0.9,0.9
1637000.0,0.9,0.9,0.9
1637500.0,0.9,0.9,0.9
1638000.0,0.9,0.9,0.9
1638500.0,0.9,0.9,0.9
1639000.0,0.9,0.9,0.9
1639500.0,0.9,0.9,0.9
1640000.0,0.9,0.9,0.9
1640500.0,0.9,0.9,0.9
1641000.0,0.9,0.9,0.9
1641500.0,0.9,0.9,0.9
1642000.0,0.9,0.9,0.9
1642500.0,0.9,0.9,0.9
1643000.0,0.9,0.9,0.9
1643500.0,0.9,0.9,0.9
1644000.0,0.9,0.9,0.9
1644500.0,0.9,0.9,0.9
1645000.0,0.9,0.9,0.9
1645500.0,0.9,0.9,0.9
1646000.0,0.9,0.9,0.9
1646500.0,0.9,0.9,0.9
1647000.0,0.9,0.9,0.9
1647500.0,0.9,0.9,0.9
1648000.0,0.9,0.9,0.9
1648500.0,0.9,0.9,0.9
1649000.0,0.9,0.9,0.9
1649500.0,0.9,0.9,0.9
1650000.0,0.9,0.9,0.9
1650500.0,0.9,0.9,0.9
1651000.0,0.9,0.9,0.9
1651500.0,0.9,0.9,0.9
1652000.0,0.9,0.9,0.9
1652500.0,0.9,0.9,0.9
1653000.0,0.9,0.9,0.9
1653500.0,0.9,0.9,0.9
1654000.0,0.9,0.9,0.9
1654500.0,0.9,0.9,0.9
1655000.0,0.9,0.9,0.9
1655500.0,0.9,0.9,0.9
1656000.0,0.9,0.9,0.9
1656500.0,0.9,0.9,0.9
1657000.0,0.9,0.9,0.9
1657500.0,0.9,0.9,0.9
1658000.0,0.9,0.9,0.9
1658500.0,0.9,0.9,0.9
1659000.0,0.9,0.9,0.9
1659500.0,0.9,0.9,0.9
1660000.0,0.9,0.9,0.9
1660500.0,0.9,0.9,0.9
1661000.0,0.9,0.9,0.9
1661500.0,0.9,0.9,0.9
1662000.0,0.9,0.9,0.9
1662500.0,0.9,0.9,0.9
1663000.0,0.9,0.9,0.9
1663500.0,0.9,0.9,0.9
1664000.0,0.9,0.9,0.9
1664500.0,0.9,0.9,0.9
1665000.0,0.9,0.9,0.9
1665500.0,0.9,0.9,0.9
1666000.0,0.9,0.9,0.9
1666500.0,0.9,0.9,0.9
1667000.0,0.9,0.9,0.9
1667500.0,0.9,0.9,0.9
1668000.0,0.9,0.9,0.9
1668500.0,0.9,0.9,0.9
1669000.0,0.9,0.9,0.9
1669500.0,0.9,0.9,0.9
1670000.0,0.9,0.9,0.9
1670500.0,0.9,0.9,0.9
1671000.0,0.9,0.9,0.9
1671500.0,0.9,0.9,0.9
1672000.0,0.9,0.9,0.9
1672500.0,0.9,0.9,0.9
1673000.0,0.9,0.9,0.9
1673500.0,0.9,0.9,0.9
1674000.0,0.9,0.9,0.9
1674500.0,0.9,0.9,0.9
1675000.0,0.9,0.9,0.9
1675500.0,0.9,0.9,0.9
1676000.0,0.9,0.9,0.9
1676500.0,0.9,0.9,0.9
1677000.0,0.9,0.9,0.9
1677500.0,0.9,0.9,0.9
1678000.0,0.9,0.9,0.9
1678500.0,0.9,0.9,0.9
1679000.0,0.9,0.9,0.9
1679500.0,0.9,0.9,0.9
1680000.0,0.9,0.9,0.9
1680500.0,0.9,0.9,0.9
1681000.0,0.9,0.9,0.9
1681500.0,0.9,0.9,0.9
1682000.0,0.9,0.9,0.9
1682500.0,0.9,0.9,0.9
1683000.0,0.9,0.9,0.9
1683500.0,0.9,0.9,0.9
1684000.0,0.9,0.9,0.9
1684500.0,0.9,0.9,0.9
1685000.0,0.9,0.9,0.9
1685500.0,0.9,0.9,0.9
1686000.0,0.9,0.9,0.9
1686500.0,0.9,0.9,0.9
1687000.0,0.9,0.9,0.9
1687500.0,0.9,0.9,0.9
1688000.0,0.9,0.9,0.9
1688500.0,0.9,0.9,0.9
1689000.0,0.9,0.9,0.9
1689500.0,0.9,0.9,0.9
1690000.0,0.9,0.9,0.9
1690500.0,0.9,0.9,0.9
1691000.0,0.9,0.9,0.9
1691500.0,0.9,0.9,0.9
1692000.0,0.9,0.9,0.9
1692500.0,0.9,0.9,0.9
1693000.0,0.9,0.9,0.9
1693500.0,0.9,0.9,0.9
1694000.0,0.9,0.9,0.9
1694500.0,0.9,0.9,0.9
1695000.0,0.9,0.9,0.9
1695500.0,0.9,0.9,0.9
1696000.0,0.9,0.9,0.9
1696500.0,0.9,0.9,0.9
1697000.0,0.9,0.9,0.9
1697500.0,0.9,0.9,0.9
1698000.0,0.9,0.9,0.9
1698500.0,0.9,0.9,0.9
1699000.0,0.9,0.9,0.9
1699500.0,0.9,0.9,0.9
1700000.0,0.9,0.9,0.9
1700500.0,0.9,0.9,0.9
1701000.0,0.9,0.9,0.9
1701500.0,0.9,0.9,0.9
1702000.0,0.9,0.9,0.9
1702500.0,0.9,0.9,0.9
1703000.0,0.9,0.9,0.9
1703500.0,0.9,0.9,0.9
1704000.0,0.9,0.9,0.9
1704500.0,0.9,0.9,0.9
1705000.0,0.9,0.9,0.9
1705500.0,0.9,0.9,0.9
1706000.0,0.9,0.9,0.9
1706500.0,0.9,0.9,0.9
1707000.0,0.9,0.9,0.9
1707500.0,0.9,0.9,0.9
1708000.0,0.9,0.9,0.9
1708500.0,0.9,0.9,0.9
1709000.0,0.9,0.9,0.9
1709500.0,0.9,0.9,0.9
1710000.0,0.9,0.9,0.9
1710500.0,0.9,0.9,0.9
1711000.0,0.9,0.9,0.9
1711500.0,0.9,0.9,0.9
1712000.0,0.9,0.9,0.9
1712500.0,0.9,0.9,0.9
1713000.0,0.9,0.9,0.9
1713500.0,0.9,0.9,0.9
1714000.0,0.9,0.9,0.9
1714500.0,0.9,0.9,0.9
1715000.0,0.9,0.9,0.9
1715500.0,0.9,0.9,0.9
1716000.0,0.9,0.9,0.9
1716500.0,0.9,0.9,0.9
1717000.0,0.9,0.9,0.9
1717500.0,0.9,0.9,0.9
1718000.0,0.9,0.9,0.9
1718500.0,0.9,0.9,0.9
1719000.0,0.9,0.9,0.9
1719500.0,0.9,0.9,0.9
1720000.0,0.9,0.9,0.9
1720500.0,0.9,0.9,0.9
1721000.0,0.9,0.9,0.9
1721500.0,0.9,0.9,0.9
1722000.0,0.9,0.9,0.9
1722500.0,0.9,0.9,0.9
1723000.0,0.9,0.9,0.9
1723500.0,0.9,0.9,0.9
1724000.0,0.9,0.9,0.9
1724500.0,0.9,0.9,0.9
1725000.0,0.9,0.9,0.9
1725500.0,0.9,0.9,0.9
1726000.0,0.9,0.9,0.9
1726500.0,0.9,0.9,0.9
1727000.0,0.9,0.9,0.9
1727500.0,0.9,0.9,0.9
1728000.0,0.9,0.9,0.9
1728500.0,0.9,0.9,0.9
1729000.0,0.9,0.9,0.9
1729500.0,0.9,0.9,0.9
1730000.0,0.9,0.9,0.9
1730500.0,0.9,0.9,0.9
1731000.0,0.9,0.9,0.9
1731500.0,0.9,0.9,0.9
1732000.0,0.9,0.9,0.9
1732500.0,0.9,0.9,0.9
1733000.0,0.9,0.9,0.9
1733500.0,0.9,0.9,0.9
1734000.0,0.9,0.9,0.9
1734500.0,0.9,0.9,0.9
1735000.0,0.9,0.9,0.9
1735500.0,0.9,0.9,0.9
1736000.0,0.9,0.9,0.9
1736500.0,0.9,0.9,0.9
1737000.0,0.9,0.9,0.9
1737500.0,0.9,0.9,0.9
1738000.0,0.9,0.9,0.9
1738500.0,0.9,0.9,0.9
1739000.0,0.9,0.9,0.9
1739500.0,0.9,0.9,0.9
1740000.0,0.9,0.9,0.9
1740500.0,0.9,0.9,0.9
1741000.0,0.9,0.9,0.9
1741500.0,0.9,0.9,0.9
1742000.0,0.9,0.9,0.9
1742500.0,0.9,0.9,0.9
1743000.0,0.9,0.9,0.9
1743500.0,0.9,0.9,0.9
1744000.0,0.9,0.9,0.9
1744500.0,0.9,0.9,0.9
1745000.0,0.9,0.9,0.9
1745500.0,0.9,0.9,0.9
1746000.0,0.9,0.9,0.9
1746500.0,0.9,0.9,0.9
1747000.0,0.9,0.9,0.9
1747500.0,0.9,0.9,0.9
1748000.0,0.9,0.9,0.9
1748500.0,0.9,0.9,0.9
1749000.0,0.9,0.9,0.9
1749500.0,0.9,0.9,0.9
1750000.0,0.9,0.9,0.9
1750500.0,0.9,0.9,0.9
1751000.0,0.9,0.9,0.9
1751500.0,0.9,0.9,0.9
1752000.0,0.9,0.9,0.9
1752500.0,0.9,0.9,0.9
1753000.0,0.9,0.9,0.9
1753500.0,0.9,0.9,0.9
1754000.0,0.9,0.9,0.9
1754500.0,0.9,0.9,0.9
1755000.0,0.9,0.9,0.9
1755500.0,0.9,0.9,0.9
1756000.0,0.9,0.9,0.9
1756500.0,0.9,0.9,0.9
1757000.0,0.9,0.9,0.9
1757500.0,0.9,0.9,0.9
1758000.0,0.9,0.9,0.9
1758500.0,0.9,0.9,0.9
1759000.0,0.9,0.9,0.9
1759500.0,0.9,0.9,0.9
1760000.0,0.9,0.9,0.9
1760500.0,0.9,0.9,0.9
1761000.0,0.9,0.9,0.9
1761500.0,0.9,0.9,0.9
1762000.0,0.9,0.9,0.9
1762500.0,0.9,0.9,0.9
1763000.0,0.9,0.9,0.9
1763500.0,0.9,0.9,0.9
1764000.0,0.9,0.9,0.9
1764500.0,0.9,0.9,0.9
1765000.0,0.9,0.9,0.9
1765500.0,0.9,0.9,0.9
1766000.0,0.9,0.9,0.9
1766500.0,0.9,0.9,0.9
1767000.0,0.9,0.9,0.9
1767500.0,0.9,0.9,0.9
1768000.0,0.9,0.9,0.9
1768500.0,0.9,0.9,0.9
1769000.0,0.9,0.9,0.9
1769500.0,0.9,0.9,0.9
1770000.0,0.9,0.9,0.9
1770500.0,0.9,0.9,0.9
1771000.0,0.9,0.9,0.9
1771500.0,0.9,0.9,0.9
1772000.0,0.9,0.9,0.9
1772500.0,0.9,0.9,0.9
1773000.0,0.9,0.9,0.9
1773500.0,0.9,0.9,0.9
1774000.0,0.9,0.9,0.9
1774500.0,0.9,0.9,0.9
1775000.0,0.9,0.9,0.9
1775500.0,0.9,0.9,0.9
1776000.0,0.9,0.9,0.9
1776500.0,0.9,0.9,0.9
1777000.0,0.9,0.9,0.9
1777500.0,0.9,0.9,0.9
1778000.0,0.9,0.9,0.9
1778500.0,0.9,0.9,0.9
1779000.0,0.9,0.9,0.9
1779500.0,0.9,0.9,0.9
1780000.0,0.9,0.9,0.9
1780500.0,0.9,0.9,0.9
1781000.0,0.9,0.9,0.9
1781500.0,0.9,0.9,0.9
1782000.0,0.9,0.9,0.9
1782500.0,0.9,0.9,0.9
1783000.0,0.9,0.9,0.9
1783500.0,0.9,0.9,0.9
1784000.0,0.9,0.9,0.9
1784500.0,0.9,0.9,0.9
1785000.0,0.9,0.9,0.9
1785500.0,0.9,0.9,0.9
1786000.0,0.9,0.9,0.9
1786500.0,0.9,0.9,0.9
1787000.0,0.9,0.9,0.9
1787500.0,0.9,0.9,0.9
1788000.0,0.9,0.9,0.9
1788500.0,0.9,0.9,0.9
1789000.0,0.9,0.9,0.9
1789500.0,0.9,0.9,0.9
1790000.0,0.9,0.9,0.9
1790500.0,0.9,0.9,0.9
1791000.0,0.9,0.9,0.9
1791500.0,0.9,0.9,0.9
1792000.0,0.9,0.9,0.9
1792500.0,0.9,0.9,0.9
1793000.0,0.9,0.9,0.9
1793500.0,0.9,0.9,0.9
1794000.0,0.9,0.9,0.9
1794500.0,0.9,0.9,0.9
1795000.0,0.9,0.9,0.9
1795500.0,0.9,0.9,0.9
1796000.0,0.9,0.9,0.9
1796500.0,0.9,0.9,0.9
1797000.0,0.9,0.9,0.9
1797500.0,0.9,0.9,0.9
1798000.0,0.9,0.9,0.9
1798500.0,0.9,0.9,0.9
1799000.0,0.9,0.9,0.9
1799500.0,0.9,0.9,0.9
1800000.0,0.9,0.9,0.9
1800500.0,0.9,0.9,0.9
1801000.0,0.9,0.9,0.9
1801500.0,0.9,0.9,0.9
1802000.0,0.9,0.9,0.9
1802500.0,0.9,0.9,0.9
1803000.0,0.9,0.9,0.9
1803500.0,0.9,0.9,0.9
1804000.0,0.9,0.9,0.9
1804500.0,0.9,0.9,0.9
1805000.0,0.9,0.9,0.9
1805500.0,0.9,0.9,0.9
1806000.0,0.9,0.9,0.9
1806500.0,0.9,0.9,0.9
1807000.0,0.9,0.9,0.9
1807500.0,0.9,0.9,0.9
1808000.0,0.9,0.9,0.9
1808500.0,0.9,0.9,0.9
1809000.0,0.9,0.9,0.9
1809500.0,0.9,0.9,0.9
1810000.0,0.9,0.9,0.9
1810500.0,0.9,0.9,0.9
1811000.0,0.9,0.9,0.9
1811500.0,0.9,0.9,0.9
1812000.0,0.9,0.9,0.9
1812500.0,0.9,0.9,0.9
1813000.0,0.9,0.9,0.9
1813500.0,0.9,0.9,0.9
1814000.0,0.9,0.9,0.9
1814500.0,0.9,0.9,0.9
1815000.0,0.9,0.9,0.9
1815500.0,0.9,0.9,0.9
1816000.0,0.9,0.9,0.9
1816500.0,0.9,0.9,0.9
1817000.0,0.9,0.9,0.9
1817500.0,0.9,0.9,0.9
1818000.0,0.9,0.9,0.9
1818500.0,0.9,0.9,0.9
1819000.0,0.9,0.9,0.9
1819500.0,0.9,0.9,0.9
1820000.0,0.9,0.9,0.9
1820500.0,0.9,0.9,0.9
1821000.0,0.9,0.9,0.9
1821500.0,0.9,0.9,0.9
1822000.0,0.9,0.9,0.9
1822500.0,0.9,0.9,0.9
1823000.0,0.9,0.9,0.9
1823500.0,0.9,0.9,0.9
1824000.0,0.9,0.9,0.9
1824500.0,0.9,0.9,0.9
1825000.0,0.9,0.9,0.9
1825500.0,0.9,0.9,0.9
1826000.0,0.9,0.9,0.9
1826500.0,0.9,0.9,0.9
1827000.0,0.9,0.9,0.9
1827500.0,0.9,0.9,0.9
1828000.0,0.9,0.9,0.9
1828500.0,0.9,0.9,0.9
1829000.0,0.9,0.9,0.9
1829500.0,0.9,0.9,0.9
1830000.0,0.9,0.9,0.9
1830500.0,0.9,0.9,0.9
1831000.0,0.9,0.9,0.9
1831500.0,0.9,0.9,0.9
1832000.0,0.9,0.9,0.9
1832500.0,0.9,0.9,0.9
1833000.0,0.9,0.9,0.9
1833500.0,0.9,0.9,0.9
1834000.0,0.9,0.9,0.9
1834500.0,0.9,0.9,0.9
1835000.0,0.9,0.9,0.9
1835500.0,0.9,0.9,0.9
1836000.0,0.9,0.9,0.9
1836500.0,0.9,0.9,0.9
1837000.0,0.9,0.9,0.9
1837500.0,0.9,0.9,0.9
1838000.0,0.9,0.9,0.9
1838500.0,0.9,0.9,0.9
1839000.0,0.9,0.9,0.9
1839500.0,0.9,0.9,0.9
1840000.0,0.9,0.9,0.9
1840500.0,0.9,0.9,0.9
1841000.0,0.9,0.9,0.9
1841500.0,0.9,0.9,0.9
1842000.0,0.9,0.9,0.9
1842500.0,0.9,0.9,0.9
1843000.0,0.9,0.9,0.9
1843500.0,0.9,0.9,0.9
1844000.0,0.9,0.9,0.9
1844500.0,0.9,0.9,0.9
1845000.0,0.9,0.9,0.9
1845500.0,0.9,0.9,0.9
1846000.0,0.9,0.9,0.9
1846500.0,0.9,0.9,0.9
1847000.0,0.9,0.9,0.9
1847500.0,0.9,0.9,0.9
1848000.0,0.9,0.9,0.9
1848500.0,0.9,0.9,0.9
1849000.0,0.9,0.9,0.9
1849500.0,0.9,0.9,0.9
1850000.0,0.9,0.9,0.9
1850500.0,0.9,0.9,0.9
1851000.0,0.9,0.9,0.9
1851500.0,0.9,0.9,0.9
1852000.0,0.9,0.9,0.9
1852500.0,0.9,0.9,0.9
1853000.0,0.9,0.9,0.9
1853500.0,0.9,0.9,0.9
1854000.0,0.9,0.9,0.9
1854500.0,0.9,0.9,0.9
1855000.0,0.9,0.9,0.9
1855500.0,0.9,0.9,0.9
1856000.0,0.9,0.9,0.9
1856500.0,0.9,0.9,0.9
1857000.0,0.9,0.9,0.9
1857500.0,0.9,0.9,0.9
1858000.0,0.9,0.9,0.9
1858500.0,0.9,0.9,0.9
1859000.0,0.9,0.9,0.9
1859500.0,0.9,0.9,0.9
1860000.0,0.9,0.9,0.9
1860500.0,0.9,0.9,0.9
1861000.0,0.9,0.9,0.9
1861500.0,0.9,0.9,0.9
1862000.0,0.9,0.9,0.9
1862500.0,0.9,0.9,0.9
1863000.0,0.9,0.9,0.9
1863500.0,0.9,0.9,0.9
1864000.0,0.9,0.9,0.9
1864500.0,0.9,0.9,0.9
1865000.0,0.9,0.9,0.9
1865500.0,0.9,0.9,0.9
1866000.0,0.9,0.9,0.9
1866500.0,0.9,0.9,0.9
1867000.0,0.9,0.9,0.9
1867500.0,0.9,0.9,0.9
1868000.0,0.9,0.9,0.9
1868500.0,0.9,0.9,0.9
1869000.0,0.9,0.9,0.9
1869500.0,0.9,0.9,0.9
1870000.0,0.9,0.9,0.9
1870500.0,0.9,0.9,0.9
1871000.0,0.9,0.9,0.9
1871500.0,0.9,0.9,0.9
1872000.0,0.9,0.9,0.9
1872500.0,0.9,0.9,0.9
1873000.0,0.9,0.9,0.9
1873500.0,0.9,0.9,0.9
1874000.0,0.9,0.9,0.9
1874500.0,0.9,0.9,0.9
1875000.0,0.9,0.9,0.9
1875500.0,0.9,0.9,0.9
1876000.0,0.9,0.9,0.9
1876500.0,0.9,0.9,0.9
1877000.0,0.9,0.9,0.9
1877500.0,0.9,0.9,0.9
1878000.0,0.9,0.9,0.9
1878500.0,0.9,0.9,0.9
1879000.0,0.9,0.9,0.9
1879500.0,0.9,0.9,0.9
1880000.0,0.9,0.9,0.9
1880500.0,0.9,0.9,0.9
1881000.0,0.9,0.9,0.9
1881500.0,0.9,0.9,0.9
1882000.0,0.9,0.9,0.9
1882500.0,0.9,0.9,0.9
1883000.0,0.9,0.9,0.9
1883500.0,0.9,0.9,0.9
1884000.0,0.9,0.9,0.9
1884500.0,0.9,0.9,0.9
1885000.0,0.9,0.9,0.9
1885500.0,0.9,0.9,0.9
1886000.0,0.9,0.9,0.9
1886500.0,0.9,0.9,0.9
1887000.0,0.9,0.9,0.9
1887500.0,0.9,0.9,0.9
1888000.0,0.9,0.9,0.9
1888500.0,0.9,0.9,0.9
1889000.0,0.9,0.9,0.9
1889500.0,0.9,0.9,0.9
1890000.0,0.9,0.9,0.9
1890500.0,0.9,0.9,0.9
1891000.0,0.9,0.9,0.9
1891500.0,0.9,0.9,0.9
1892000.0,0.9,0.9,0.9
1892500.0,0.9,0.9,0.9
1893000.0,0.9,0.9,0.9
1893500.0,0.9,0.9,0.9
1894000.0,0.9,0.9,0.9
1894500.0,0.9,0.9,0.9
1895000.0,0.9,0.9,0.9
1895500.0,0.9,0.9,0.9
1896000.0,0.9,0.9,0.9
1896500.0,0.9,0.9,0.9
1897000.0,0.9,0.9,0.9
1897500.0,0.9,0.9,0.9
1898000.0,0.9,0.9,0.9
1898500.0,0.9,0.9,0.9
1899000.0,0.9,0.9,0.9
1899500.0,0.9,0.9,0.9
1900000.0,0.9,0.9,0.9
1900500.0,0.9,0.9,0.9
1901000.0,0.9,0.9,0.9
1901500.0,0.9,0.9,0.9
1902000.0,0.9,0.9,0.9
1902500.0,0.9,0.9,0.9
1903000.0,0.9,0.9,0.9
1903500.0,0.9,0.9,0.9
1904000.0,0.9,0.9,0.9
1904500.0,0.9,0.9,0.9
1905000.0,0.9,0.9,0.9
1905500.0,0.9,0.9,0.9
1906000.0,0.9,0.9,0.9
1906500.0,0.9,0.9,0.9
1907000.0,0.9,0.9,0.9
1907500.0,0.9,0.9,0.9
1908000.0,0.9,0.9,0.9
1908500.0,0.9,0.9,0.9
1909000.0,0.9,0.9,0.9
1909500.0,0.9,0.9,0.9
1910000.0,0.9,0.9,0.9
1910500.0,0.9,0.9,0.9
1911000.0,0.9,0.9,0.9
1911500.0,0.9,0.9,0.9
1912000.0,0.9,0.9,0.9
1912500.0,0.9,0.9,0.9
1913000.0,0.9,0.9,0.9
1913500.0,0.9,0.9,0.9
1914000.0,0.9,0.9,0.9
1914500.0,0.9,0.9,0.9
1915000.0,0.9,0.9,0.9
1915500.0,0.9,0.9,0.9
1916000.0,0.9,0.9,0.9
1916500.0,0.9,0.9,0.9
1917000.0,0.9,0.9,0.9
1917500.0,0.9,0.9,0.9
1918000.0,0.9,0.9,0.9
1918500.0,0.9,0.9,0.9
1919000.0,0.9,0.9,0.9
1919500.0,0.9,0.9,0.9
1920000.0,0.9,0.9,0.9
1920500.0,0.9,0.9,0.9
1921000.0,0.9,0.9,0.9
1921500.0,0.9,0.9,0.9
1922000.0,0.9,0.9,0.9
1922500.0,0.9,0.9,0.9
1923000.0,0.9,0.9,0.9
1923500.0,0.9,0.9,0.9
1924000.0,0.9,0.9,0.9
1924500.0,0.9,0.9,0.9
1925000.0,0.9,0.9,0.9
1925500.0,0.9,0.9,0.9
1926000.0,0.9,0.9,0.9
1926500.0,0.9,0.9,0.9
1927000.0,0.9,0.9,0.9
1927500.0,0.9,0.9,0.9
1928000.0,0.9,0.9,0.9
1928500.0,0.9,0.9,0.9
1929000.0,0.9,0.9,0.9
1929500.0,0.9,0.9,0.9
1930000.0,0.9,0.9,0.9
1930500.0,0.9,0.9,0.9
1931000.0,0.9,0.9,0.9
1931500.0,0.9,0.9,0.9
1932000.0,0.9,0.9,0.9
1932500.0,0.9,0.9,0.9
1933000.0,0.9,0.9,0.9
1933500.0,0.9,0.9,0.9
1934000.0,0.9,0.9,0.9
1934500.0,0.9,0.9,0.9
1935000.0,0.9,0.9,0.9
1935500.0,0.9,0.9,0.9
1936000.0,0.9,0.9,0.9
1936500.0,0.9,0.9,0.9
1937000.0,0.9,0.9,0.9
1937500.0,0.9,0.9,0.9
1938000.0,0.9,0.9,0.9
1938500.0,0.9,0.9,0.9
1939000.0,0.9,0.9,0.9
1939500.0,0.9,0.9,0.9
1940000.0,0.9,0.9,0.9
1940500.0,0.9,0.9,0.9
1941000.0,0.9,0.9,0.9
1941500.0,0.9,0.9,0.9
1942000.0,0.9,0.9,0.9
1942500.0,0.9,0.9,0.9
1943000.0,0.9,0.9,0.9
1943500.0,0.9,0.9,0.9
1944000.0,0.9,0.9,0.9
1944500.0,0.9,0.9,0.9
1945000.0,0.9,0.9,0.9
1945500.0,0.9,0.9,0.9
1946000.0,0.9,0.9,0.9
1946500.0,0.9,0.9,0.9
1947000.0,0.9,0.9,0.9
1947500.0,0.9,0.9,0.9
1948000.0,0.9,0.9,0.9
1948500.0,0.9,0.9,0.9
1949000.0,0.9,0.9,0.9
1949500.0,0.9,0.9,0.9
1950000.0,0.9,0.9,0.9
1950500.0,0.9,0.9,0.9
1951000.0,0.9,0.9,0.9
1951500.0,0.9,0.9,0.9
1952000.0,0.9,0.9,0.9
1952500.0,0.9,0.9,0.9
1953000.0,0.9,0.9,0.9
1953500.0,0.9,0.9,0.9
1954000.0,0.9,0.9,0.9
1954500.0,0.9,0.9,0.9
1955000.0,0.9,0.9,0.9
1955500.0,0.9,0.9,0.9
1956000.0,0.9,0.9,0.9
1956500.0,0.9,0.9,0.9
1957000.0,0.9,0.9,0.9
1957500.0,0.9,0.9,0.9
1958000.0,0.9,0.9,0.9
1958500.0,0.9,0.9,0.9
1959000.0,0.9,0.9,0.9
1959500.0,0.9,0.9,0.9
1960000.0,0.9,0.9,0.9
1960500.0,0.9,0.9,0.9
1961000.0,0.9,0.9,0.9
1961500.0,0.9,0.9,0.9
1962000.0,0.9,0.9,0.9
1962500.0,0.9,0.9,0.9
1963000.0,0.9,0.9,0.9
1963500.0,0.9,0.9,0.9
1964000.0,0.9,0.9,0.9
1964500.0,0.9,0.9,0.9
1965000.0,0.9,0.9,0.9
1965500.0,0.9,0.9,0.9
1966000.0,0.9,0.9,0.9
1966500.0,0.9,0.9,0.9
1967000.0,0.9,0.9,0.9
1967500.0,0.9,0.9,0.9
1968000.0,0.9,0.9,0.9
1968500.0,0.9,0.9,0.9
1969000.0,0.9,0.9,0.9
1969500.0,0.9,0.9,0.9
1970000.0,0.9,0.9,0.9
1970500.0,0.9,0.9,0.9
1971000.0,0.9,0.9,0.9
1971500.0,0.9,0.9,0.9
1972000.0,0.9,0.9,0.9
1972500.0,0.9,0.9,0.9
1973000.0,0.9,0.9,0.9
1973500.0,0.9,0.9,0.9
1974000.0,0.9,0.9,0.9
1974500.0,0.9,0.9,0.9
1975000.0,0.9,0.9,0.9
1975500.0,0.9,0.9,0.9
1976000.0,0.9,0.9,0.9
1976500.0,0.9,0.9,0.9
1977000.0,0.9,0.9,0.9
1977500.0,0.9,0.9,0.9
1978000.0,0.9,0.9,0.9
1978500.0,0.9,0.9,0.9
1979000.0,0.9,0.9,0.9
1979500.0,0.9,0.9,0.9
1980000.0,0.9,0.9,0.9
1980500.0,0.9,0.9,0.9
1981000.0,0.9,0.9,0.9
1981500.0,0.9,0.9,0.9
1982000.0,0.9,0.9,0.9
1982500.0,0.9,0.9,0.9
1983000.0,0.9,0.9,0.9
1983500.0,0.9,0.9,0.9
1984000.0,0.9,0.9,0.9
1984500.0,0.9,0.9,0.9
1985000.0,0.9,0.9,0.9
1985500.0,0.9,0.9,0.9
1986000.0,0.9,0.9,0.9
1986500.0,0.9,0.9,0.9
1987000.0,0.9,0.9,0.9
1987500.0,0.9,0.9,0.9
1988000.0,0.9,0.9,0.9
1988500.0,0.9,0.9,0.9
1989000.0,0.9,0.9,0.9
1989500.0,0.9,0.9,0.9
1990000.0,0.9,0.9,0.9
1990500.0,0.9,0.9,0.9
1991000.0,0.9,0.9,0.9
1991500.0,0.9,0.9,0.9
1992000.0,0.9,0.9,0.9
1992500.0,0.9,0.9,0.9
1993000.0,0.9,0.9,0.9
1993500.0,0.9,0.9,0.9
1994000.0,0.9,0.9,0.9
1994500.0,0.9,0.9,0.9
1995000.0,0.9,0.9,0.9
1995500.0,0.9,0.9,0.9
1996000.0,0.9,0.9,0.9
1996500.0,0.9,0.9,0.9
1997000.0,0.9,0.9,0.9
1997500.0,0.9,0.9,0.9
1998000.0,0.9,0.9,0.9
1998500.0,0.9,0.9,0.9
1999000.0,0.9,0.9,0.9
1999500.0,0.9,0.9,0.9
2000000.0,0.9,0.9,0.9
